﻿Source,Country,Type,Prod_kt_2021,Prod_kt_est_2022,Prod_notes,Reserves_kt,Reserves_notes
MCS2023,United States,"Production, all forms, contained sulfur",8070,8600,,NA,
MCS2023,Australia,"Production, all forms, contained sulfur",900,900,,NA,
MCS2023,Canada,"Production, all forms, contained sulfur",4880,4900,,NA,
MCS2023,Chile,"Production, all forms, contained sulfur",1500,1500,,NA,
MCS2023,China,"Production, all forms, contained sulfur",18800,18000,"Sulfur production in China includes byproduct elemental sulfur recovered from natural gas and petroleum, the estimated sulfur content of byproduct sulfuric acid from metallurgy, and the sulfur content of sulfuric acid from pyrite.",NA,
MCS2023,Finland,"Production, all forms, contained sulfur",712,710,,NA,
MCS2023,Germany,"Production, all forms, contained sulfur",592,600,,NA,
MCS2023,India,"Production, all forms, contained sulfur",3540,3500,,NA,
MCS2023,Iran,"Production, all forms, contained sulfur",2200,2200,,NA,
MCS2023,Japan,"Production, all forms, contained sulfur",3150,3200,,NA,
MCS2023,Kazakhstan,"Production, all forms, contained sulfur",4600,4600,,NA,
MCS2023,"Korea, Republic of","Production, all forms, contained sulfur",3080,3100,,NA,
MCS2023,Kuwait,"Production, all forms, contained sulfur",620,600,,NA,
MCS2023,Poland,"Production, all forms, contained sulfur",995,1000,,NA,
MCS2023,Qatar,"Production, all forms, contained sulfur",1700,2000,,NA,
MCS2023,Russia,"Production, all forms, contained sulfur",7530,7300,,NA,
MCS2023,Saudi Arabia,"Production, all forms, contained sulfur",7000,7000,,NA,
MCS2023,Turkmenistan,"Production, all forms, contained sulfur",700,700,,NA,
MCS2023,United Arab Emirates,"Production, all forms, contained sulfur",5200,6000,,NA,
MCS2023,Other countries,"Production, all forms, contained sulfur",5600,5600,,NA,
MCS2023,World total (rounded),"Production, all forms, contained sulfur",81400,82000,,NA,"Reserves of sulfur in crude oil, natural gas, and sulfide ores are large. Because most sulfur production is a result of the processing of fossil fuels, supplies are expected to be adequate for the foreseeable future. Because petroleum and sulfide ores can be processed long distances from where they are produced, sulfur production may not be in the country to which the reserves were attributed. For instance, sulfur from Saudi Arabian oil may be recovered at refineries in the United States"
