﻿Source,Country,Type,Prod_t_2022,Prod_t_est_2023,Prod_note,Reserves_t,Reserves_notes,
MCS2024,United States,"Mine production, beryllium",175,190,Metric tons contained beryllium based on a beryllium content of 4% from bertrandite and beryl sources.,NA,,
MCS2024,Brazil,"Mine production, beryllium",40,40,Production in 2021 is also estimated. Metric tons contained beryllium based on a beryllium content of 4% from bertrandite and beryl sources.,NA,,
MCS2024,China,"Mine production, beryllium",70,74,Production in 2021 is also estimated. Metric tons contained beryllium based on a beryllium content of 4% from bertrandite and beryl sources.,NA,,
MCS2024,Madagascar,"Mine production, beryllium",1,1,Production in 2021 is also estimated. Metric tons contained beryllium based on a beryllium content of 4% from bertrandite and beryl sources.,NA,,
MCS2024,Mozambique,"Mine production, beryllium",25,24,Metric tons contained beryllium based on a beryllium content of 4% from bertrandite and beryl sources.,NA,,
MCS2024,Rwanda,"Mine production, beryllium",1,1,Production in 2021 is also estimated. Metric tons contained beryllium based on a beryllium content of 4% from bertrandite and beryl sources.,NA,,
MCS2024,Uganda,"Mine production, beryllium",1,1,Production in 2021 is also estimated. Metric tons contained beryllium based on a beryllium content of 4% from bertrandite and beryl sources.,NA,,
MCS2024,World total (rounded),"Mine production, beryllium",313,330," Metric tons contained beryllium based on a beryllium content of 4% from bertrandite and beryl sources. In addition to the countries listed, Kazakhstan and Portugal may have produced beryl ore, but available information was inadequate to make reliable estimates of output. Other nations that produced gemstone beryl ore may also have produced some industrial beryl ore.",NA,,
,,,,,,,,
,,,,,,,,
,,,,,,,,
,,,,,,,,
,,,,,,,,
,,,,,,,,
,,,,,,,,
,,,,,,,,
,,,,,,,,
,,,,,,,,
,,,,,,,,
,,,,,,,,
,,,,,,,,
,,,,,,,,
,,,,,,,,
,,,,,,,,
,,,,,,,,
,,,,,,,,
,,,,,,,,
,,,,,,,,
,,,,,,,,
,,,,,,,,
,,,,,,,,
,,,,,,,,
,,,,,,,,
,,,,,,,,
,,,,,,,,
,,,,,,,,
,,,,,,,,
,,,,,,,,
,,,,,,,,
,,,,,,,,
,,,,,,,,
,,,,,,,,
,,,,,,,,
,,,,,,,,
