Scenario,Year,Metal,Technology,"Climate change, long term","Climate change, short term",Fossil and nuclear energy use,Freshwater acidification,Freshwater ecotoxicity,Freshwater eutrophication,Human toxicity cancer,Human toxicity non-cancer,Ionizing radiations,"Land occupation, biodiversity","Land transformation, biodiversity",Marine eutrophication,Mineral resources use,Ozone layer depletion,Particulate matter formation,Photochemical ozone formation,Terrestrial acidification,Water scarcity
SPS,2022,Aluminium,Electricity Networks,110779042756.8782,118685436723.26028,1126537636023.9614,432381265.18423545,32753736664544.41,770049.0405992491,961.494728501795,9670.16713541473,372617621793.4013,1358891193.753406,10905290.608332016,6602014.553520002,603786368.8361741,876.4294696781587,92549895.9042458,198349781.8175195,445548752.04658365,22157152467.88672
SPS,2030,Aluminium,Electricity Networks,111725722907.52357,118814026292.02383,1158445932678.392,494434669.73989105,35935994786793.375,884976.5500517327,1237.8691065235716,12522.09247474997,522542199249.3007,1677353349.0407584,19037369.988903835,7218977.726794914,780078032.1292124,1059.6279478230924,88626756.160231,211084064.265065,508878845.6358655,24766214673.85547
SPS,2040,Aluminium,Electricity Networks,81595277784.76288,86087891921.8413,848762007842.5386,414143109.17904186,28958094314165.44,765013.7547184087,1141.2056522488374,11455.846332348314,478310045408.2007,1556338850.0148144,22333525.716578584,5865662.063525741,722845467.3635046,914.1028937849928,67325024.8505826,166950900.77076706,425896074.31772405,19903028745.8125
SPS,2050,Aluminium,Electricity Networks,59669342772.55191,62224465596.962975,624097600678.1166,357907946.365251,23800883169263.945,662364.079210098,1063.857918163935,10688.747838756755,448186448778.0094,1462308762.7618353,22688616.886327412,4871921.494586771,685550821.8840787,784.1004637251677,53712406.37999502,135279702.07368276,367742202.44818455,16797496223.796875
SPS,2022,Arsenic,Solar PV,0.0,0.0,0.0,0.0,0.0,0.0,0.0,0.0,0.0,0.0,0.0,0.0,0.0,0.0,0.0,0.0,0.0,0.0
SPS,2030,Arsenic,Solar PV,791544.5280116936,850493.3062695088,12599243.658729495,4668.618586370717,500896580.7287449,58.05394079894028,0.2144335405276341,0.6522332701950361,14795406.362878382,41157.83731239056,327.76227534129066,158.9770978780447,106299.93790006086,0.0719900621598846,516.2121561941191,3234.594808545111,4922.968964398389,997839.673919797
SPS,2040,Arsenic,Solar PV,19080704.291028786,20564914.822296627,309564964.4878056,133447.46638782,15609874795.98528,1963.1400084494444,7.197751759215046,21.63874863642397,342027152.093078,1431873.2013706195,12426.927790609487,4988.713492873596,3568557.22145056,2.372110282613027,14156.333207653573,96412.17699631007,141237.4659798602,30573125.13420677
SPS,2050,Arsenic,Solar PV,18708740.995946206,20106904.93406599,307966380.49925137,158192.71956367244,19175354922.756706,2585.4102776457553,9.419075858893466,27.933376611080984,300936972.5870285,1999196.5108342795,16956.76643368098,6299.148245828723,4674826.430915249,3.0414770271057794,15863.440465976782,117854.75037738618,167870.3385602939,37736435.897764206
SPS,2022,Boron,Wind,462593.11873960646,495139.7044231457,7080482.990236465,5472.270860965586,213320708.91057575,16.381568840139405,0.00854843493260066,0.16506048486444064,3103174.2052823044,16490.371140032275,118.50741617466568,76.75053263831796,17755.762594741904,0.010408295992177961,458.15876069319006,2111.400818793462,5627.2504838381155,290798.357015118
SPS,2030,Boron,Wind,797384.1180343326,853170.9592211429,12585204.988002256,10414.852989864301,404285855.08180875,32.709249761585056,0.01703144986808676,0.32508683423540374,5501018.380010807,33208.230255064496,255.59643424226257,144.68875091085846,34894.712334051044,0.02004582427502634,820.9958448441125,3922.710523935465,10706.519829537809,534407.4640947282
SPS,2040,Boron,Wind,557203.7560615422,595068.2848379447,9042944.460289104,8280.826768434335,316995847.877588,27.494539542300437,0.014184666579321076,0.2654194298434117,3909682.2695619394,30149.775091665506,232.52975831659515,115.22806754913512,28776.468747187086,0.016683097728794546,628.3607771639408,3076.2717842909537,8512.311846898167,412458.14507327974
SPS,2050,Boron,Wind,757438.9850545698,805289.312345097,12591498.497811269,12684.409199286214,478839872.70004696,43.99148936810521,0.022333692400326885,0.41072863377721475,5357675.213624353,53649.254456568495,386.35629291942905,177.17951458327062,45344.01965924322,0.025628874978232883,931.5054847925388,4668.691385323622,13039.73400744038,624802.6042433679
SPS,2022,Cadmium,Solar PV,2243808.009982059,2413088.283797469,32753002.00984718,11524.420477264084,1407078904.6110241,26.226878801092973,0.607811711709429,1.9030790638911244,48344810.20816647,98304.36520354633,702.3657639726789,382.30822884978824,260237.63026256012,0.032277896542478715,1454.5002048250622,9041.728823240548,12209.592202834116,2553460.7704257965
SPS,2030,Cadmium,Solar PV,1513952.9670716838,1635715.9168970194,23035358.451101985,8905.724381621169,1237926946.634027,24.28744971977011,0.5741647424890849,1.7779717964140171,35964346.97570397,91625.76384899615,769.6935503491644,329.45229852493156,245576.23237139737,0.02646209174378095,1004.9288821811818,7473.594566067767,9486.075437038191,2127013.4272310734
SPS,2040,Cadmium,Solar PV,997826.7905754906,1082086.5856068456,15649228.334280334,7708.1770121717345,1182562071.5956697,25.042920524321644,0.5944426609723935,1.8202163572500285,25407700.207740866,94746.11358112075,905.0562946515988,316.14842440192825,254324.61387393172,0.02152839927239838,775.6555924863696,6897.576711429459,8256.199865043582,1937121.569425106
SPS,2050,Cadmium,Solar PV,753358.6984410196,811839.0667550373,12607894.617315447,8448.684400942442,1342563094.3539088,30.397123548625945,0.7272378669289052,2.200879101865031,21635514.238689438,118284.27854508349,1155.6296848039217,368.98645601905423,311288.78347656195,0.02123936601734712,719.7073087597071,7840.962208333561,9080.323839952114,2183092.273709774
SPS,2022,Chromium,Wind,210067600.19906428,227801019.40712672,2696887297.955,770235.8591095123,133083378175.06094,13797.2560071703,45.809381555016245,8.502865066248797,2433556117.528998,3978779.3258601287,33961.799133905224,19300.823338158385,49374190.619496495,1.4338230950140594,396706.777481541,381708.19232675387,806975.4867982632,60545428.09799194
SPS,2030,Chromium,Wind,260609004.70064285,283597664.7605984,3330853882.6419067,858813.9107847149,185343620438.8946,19876.185648713847,66.1537403709234,10.696045603472804,2935019289.604576,5681203.849093062,54583.76503470446,25593.621338385976,71280386.93535256,1.9053166861696211,527809.6211339578,474275.0834884952,906953.1980030074,68533772.40118408
SPS,2040,Chromium,Wind,195418364.72716108,213479507.33772984,2420261143.541046,558603.992459954,161036761204.09702,18004.640442407974,59.95723748531421,8.42439201146144,1941512081.7390323,5270599.800126448,55371.70075418051,21447.90117135651,64606281.846825,1.583770455779533,449465.94119391486,368366.87068504107,598363.8254995083,46103673.10588074
SPS,2050,Chromium,Wind,224185990.09399968,245171966.4373094,2665193834.3595533,571899.2526744973,212805725595.7495,24611.753213676486,81.97825321107568,10.254479430423691,1940020374.8431022,7568617.4348832425,79405.09554765576,27757.12568280305,88358937.93331803,1.8948576823622802,590851.461160931,443895.7490689393,622786.7876124331,48758563.56764221
SPS,2022,Cobalt,EV,664459191.4477121,705678240.2320848,7401359135.144651,4381549.1130955,171654652317.24536,44726.819819683835,17.24245628580531,76.9701226939297,3885299678.189601,14114954.788948607,127780.17052097931,94100.9377388864,45760265.578589976,23.92172182931361,934332.6974847042,2337592.9934492568,4526355.767645433,583144503.3362122
SPS,2030,Cobalt,EV,706320959.4859396,748699487.1923819,7917296517.290423,4796251.822025324,187129522701.40582,51837.88469440429,20.00481436479342,87.69979797453574,4396359807.717188,16711709.97828693,158793.7880126109,98181.90734286646,52819498.85301228,27.565881413701568,1000566.9162591762,2340906.7655811966,4942927.055150386,649644001.6630096
SPS,2040,Cobalt,EV,821026292.8212053,867648228.4749297,9209056217.086235,5832641.325979721,225613887731.50513,67051.89887332244,25.88376950940715,111.8089207015272,5550175538.236215,23949606.91275325,220139.67712960535,112181.41974675783,68086555.9143614,36.52304415871095,1200817.7917226802,2518754.142162813,5993795.146587278,810693346.4332886
SPS,2050,Cobalt,EV,898020747.4006325,945145715.151193,10103061448.866673,6768203.380940526,259245370326.12958,80923.09231289892,31.222768282888726,133.4681104028141,6617332258.414987,31820864.781242117,280623.7843088355,126792.85089351734,82152359.78769863,44.108032907322794,1382255.9776988328,2729903.1947018644,6946482.622114111,964938213.8522034
SPS,2022,Cobalt,Battery Storage,36933233.92728489,39224349.454931565,411396413.55936617,243543.5922035526,9541235203.514452,2486.0911256638024,0.9584029834806651,4.278299681088156,215960112.73398677,784564.2498487638,7102.520350177249,5230.497208887851,2543534.0724333273,1.3296626183174696,51933.856173963664,129932.5375659843,251592.51095666314,32413446.352053642
SPS,2030,Cobalt,Battery Storage,52108048.452609636,55234477.51495081,584089803.645221,353838.17933833756,13805273799.230446,3824.2826735634853,1.4758330787249796,6.469955706067558,324336587.7778303,1232887.940785875,11714.836277485898,7243.261744229108,3896700.173641257,2.0336424468976078,73815.718834759,172697.81042986998,364658.9826174037,47926768.505129814
SPS,2040,Cobalt,Battery Storage,36997054.3898672,39097930.21348393,414978127.6457612,262830.2531364264,10166604100.862381,3021.4900195655637,1.166373399643203,5.038329170010616,250101790.9619527,1079216.2410808636,9919.92543886219,5055.1147072791155,3068113.6942966687,1.645799973811086,54111.20391775204,113499.99970414372,270092.1602376781,36531431.56772137
SPS,2050,Cobalt,Battery Storage,0.0,0.0,0.0,0.0,0.0,0.0,0.0,0.0,0.0,0.0,0.0,0.0,0.0,0.0,0.0,0.0,0.0,0.0
SPS,2022,Cobalt,Hydrogen,110480.75198363434,117334.31284088669,1230636.4837396792,728.5275711414545,28541308.952592034,7.436803871655135,0.0028669323278533235,0.012797952297070779,646015.339471662,2346.917371856026,21.246224763625342,15.646321847254141,7608.6366434006895,0.003977505090549814,155.3530756284689,388.6755350396438,752.6048181610255,96960.42145693488
SPS,2030,Cobalt,Hydrogen,132812.880024739,140781.5155866755,1488726.815124487,901.8619782580072,35186851.69093175,9.747323321206391,0.0037616001259288237,0.016490608964885994,826668.3861581626,3142.382089255645,29.858749103724442,18.461609705053252,9931.900887151267,0.005183343424551177,188.14134285717466,440.17180182860443,929.4420180090817,122155.64283185825
SPS,2040,Cobalt,Hydrogen,25726.64436885923,27187.53054124934,288563.37043203996,182.76429200455493,7069552.223960472,2.101053731961723,0.0008110611546992865,0.0035035033168914413,173913.30034790965,750.4546750886402,6.898019265044626,3.5151754771476598,2133.474440008804,0.0011444400460192317,37.627311755502845,78.92450294783083,187.81400486722987,25402.864193580113
SPS,2050,Cobalt,Hydrogen,30550.084508722553,32153.245406082293,343699.61045231496,230.24989774285203,8819359.680589896,2.7529512163523564,0.0010621783654770857,0.0045404987176832085,225117.35981828553,1082.525221183893,9.546639485343652,4.31341071028811,2794.770100100484,0.0015005267269521867,47.023453582356,92.86953952920997,236.31484212166404,32826.57339953538
SPS,2022,Copper,Solar PV,3951877185.496522,4250971062.8576274,53865831829.88618,276901435.5478943,29228110620301.484,165189.17632479093,460.25182360184266,36684.67150646079,58815067937.261284,739760489.1913422,5997644.620116684,2252004.141165927,545921999.1219212,54.394630351300634,21554432.437656358,43280715.391120434,285293545.94777924,6385770113.833984
SPS,2030,Copper,Solar PV,4272251973.376466,4605747899.14758,59912855560.99321,365142865.5348139,39128625015682.42,222747.97056068786,618.7384737461136,49251.88885631026,72269797732.23453,988071864.7999169,8212098.225305961,2964016.248394248,731200252.0915449,67.7874996891156,28018088.68009164,55996333.775015,376291764.37847614,8115149058.96875
SPS,2040,Copper,Solar PV,3422610319.4454913,3695164062.507661,48465265190.121925,374837414.6361542,40351782210862.72,234417.25059495907,642.7480346676148,51058.77625999901,63988281521.32667,1030258185.8131719,8694201.3657851,3027500.1229914934,757184505.2227769,66.83584429081698,28536589.433079153,56432727.66586616,386285758.1040353,7951216904.65918
SPS,2050,Copper,Solar PV,3369587662.6684704,3629301086.285727,47889845269.31747,461937024.80119896,49677855499165.25,294722.51206310926,797.2718776560242,63357.74827532453,67957784671.833694,1308610684.5677629,10861338.598079123,3710193.2847820558,936894039.4901979,76.01371403600116,34999914.040133886,68510610.39588614,475998294.2677783,9491055406.750488
SPS,2022,Copper,Wind,2283032400.488595,2455821427.2602797,31118740177.004906,159968268.097435,16885323206932.865,95431.1644966104,265.8913160366711,21193.040603059013,33977955142.559544,427365802.6680124,3464889.304909428,1301001.5693770405,315383690.7455046,31.424231491904838,12452175.338320622,25003630.152498845,164816460.2481754,3689112638.796875
SPS,2030,Copper,Wind,3043583739.367156,3281168690.6171103,42682359116.65494,260130463.98322928,27875520354059.363,158687.29311856144,440.79384112875687,35087.40799707862,51485535636.92154,703909666.3239387,5850359.197066175,2111586.9834107826,520912439.4711552,48.292313532034285,19960292.52166949,39892200.18011177,268073021.54862532,5781291897.644043
SPS,2040,Copper,Wind,1900172979.577538,2051490018.2444935,26907061794.06654,208103131.98077458,22402598916753.508,130144.32960617152,356.84239050323504,28346.93347014272,35525167111.66956,571981202.6359859,4826867.499466761,1680814.756121035,420375503.8090963,37.10608381769795,15843011.943825414,31330456.659147173,214459050.67680517,4414375610.085205
SPS,2050,Copper,Wind,1924638520.440873,2072981436.3730567,27353685426.98455,263848838.7763638,28374959751268.535,168339.38046548725,455.385145191868,36188.630511104566,38816075804.25961,747451256.3311867,6203771.126363795,2119185.3808360673,535134425.48228526,43.41745541637183,19991224.303217873,39131838.38120332,271880343.9844063,5421093814.492676
SPS,2022,Copper,EV,2164408543.3599687,2328219641.9950333,29501844600.757355,151656492.50640833,16007980350457.752,90472.66595736859,252.07589516111693,20091.873479859005,32212497895.65784,405160344.7399942,3284857.460515054,1233402.9561217558,298996700.41471136,29.791462922315134,11805173.978218392,23704468.979721673,156252777.91552806,3497430396.133301
SPS,2030,Copper,EV,4916857913.216294,5300672372.63292,68952627280.46394,420236352.8760717,45032430376427.516,256356.63077208606,712.0949746897963,56683.112553543884,83174009651.2715,1137154127.9734702,9451156.063553425,3411232.9601900824,841525211.5386529,78.01541349635292,32245514.051697772,64445172.83824569,433067419.92097354,9339579012.690918
SPS,2040,Copper,EV,5073268014.909941,5477269071.98772,71839110145.32607,555614133.3592534,59812653772442.52,347472.0837571754,952.7327804158974,75683.42063617206,94848572192.63998,1527131462.0566926,12887243.82487401,4487603.935465578,1122359711.79871,99.06945852516411,42299225.71171144,83649123.19546412,572583787.8972888,11785932559.368164
SPS,2050,Copper,EV,3594492135.4054313,3871540235.0866103,51086272095.98172,492769195.7969583,52993623781891.8,314393.88370113703,850.4861071769844,67586.58645856327,72493654119.3989,1395954426.7387521,11586282.975600988,3957831.6156410007,999427405.9006968,81.0872797026401,37335997.2648693,73083378.41693583,507768990.30339044,10124539686.045898
SPS,2022,Copper,Battery Storage,118541531.78914304,127513229.21467547,1615773445.50215,8306007.191955752,876733977702.7349,4955.057325261293,13.80583292890309,1100.402909664564,1764232013.8775957,22190047.268589273,179906.90171365126,67551.69959963257,16375617.706645094,1.6316354229356635,646552.3390713221,1298259.5507326557,8557739.109485207,191549214.56713867
SPS,2030,Copper,Battery Storage,389565891.3160737,419975763.7634205,5463162080.176496,33295603.058111288,3567949122663.6836,20311.304724318637,56.41975391866988,4491.040346139716,6589931573.380405,90097470.62996955,748821.3206179627,270274.2344966278,66674596.84299849,6.181212601935485,2554833.3192076203,5106033.495551469,34312216.95220973,739980997.380249
SPS,2040,Copper,Battery Storage,804109910.3285415,868143833.3983862,11386455485.353605,88064503.91340321,9480269427934.93,55074.11500644208,151.007569159716,11995.776371808703,15033441295.91933,242049412.60847256,2042620.3476627138,711282.508145056,177893335.13594157,15.70244922539952,6704401.678375507,13258335.407095531,90754183.88867418,1868063178.5255127
SPS,2050,Copper,Battery Storage,586829478.3001502,632059787.8057841,8340240922.241737,80448497.08908792,8651631280771.831,51327.306279468794,138.8486327902068,11034.048699370187,11835166589.44089,227900681.68600658,1891553.0032848318,646147.5431617487,163164486.41705713,13.23814443102446,6095399.008095975,11931443.779326973,82897333.04510988,1652911765.6065674
SPS,2022,Copper,Electricity Networks,24243131186.532795,26077948354.57771,330444587781.27924,1698675721.0885804,179302363621766.34,1013367.2389755801,2823.4544786387355,225045.27902079702,360806103231.34607,4538124477.121392,36793067.82845343,13815113.492713707,3349005553.8413925,333.68854788534185,132227523.45521207,265509278.71056527,1750157845.609794,39174057120.265625
SPS,2030,Copper,Electricity Networks,30656783792.897892,33049880584.91532,429922081093.1872,2620188591.8664618,280778803472845.97,1598392.7016338562,4439.9374690886725,353421.22081493767,518592905484.1216,7090196392.858513,58928293.871270716,21269158.713465143,5246939594.709057,486.42887516485473,201051925.84812877,401817942.4887371,2700190750.8002,58232606994.73828
SPS,2040,Copper,Electricity Networks,23497902686.075615,25369118142.53988,332737875130.5935,2573443153.0749187,277034825207384.0,1609389.6845698133,4412.781286983589,350543.6038134612,439311014664.66364,7073229007.178633,59689967.17670823,20785276.918016694,5198443923.938067,458.86093317855864,195917717.44544518,387438422.50121254,2652041659.950404,54589013537.41406
SPS,2050,Copper,Electricity Networks,18648082152.722073,20085396668.511784,265033546613.87448,2556466977.6404963,274928811255751.62,1631062.9570791556,4412.288078242328,350636.5208834108,376094192627.04535,7242156012.769838,60109174.99178854,20533072.916791733,5184989608.779862,420.67758016252554,193697667.99352297,379153658.81410444,2634285314.6107464,52525708976.87891
SPS,2022,Dysprosium,Wind,309687692.30741745,336455950.46743107,3916923101.646569,1689398.4005743437,237331935001.8099,152632.23566841305,11.992421210907702,83.77326793385292,38916348666.07866,129475556.03214656,923695.405953047,17374023.80147075,13792951306.250198,11.617011602500668,250575.84132903244,714444.07752992,1835980.906018401,231389369.0200882
SPS,2030,Dysprosium,Wind,473345007.61637557,514996548.09899926,6028548705.538456,2662463.333456208,393053653568.2207,258112.54800500587,20.297033804273234,140.2718728261838,65419936746.33875,218978413.55997455,1569987.894902518,29374139.10280366,23321699707.516685,19.413602385954025,381175.16123629163,1112963.554487305,2904503.852716111,370161053.9949646
SPS,2040,Dysprosium,Wind,338527355.6575709,368713715.4929566,4309315412.037483,1998128.4253154153,307587043776.33746,206916.23412927825,16.3002646174951,111.04484239944489,52054096229.603806,175910618.80057913,1264905.2754910537,23534954.49836556,18686974773.98498,15.531675924632605,281924.4060750085,830547.4554489752,2188371.956409861,282496179.74772644
SPS,2050,Dysprosium,Wind,431358151.26012295,469433149.75834143,5505717634.63784,2688476.273366175,419500621553.59753,288370.491621147,22.701980700913655,152.2587832694412,72179994789.37686,246166980.62921742,1766429.3939865083,32787599.509109404,26034738393.02785,21.490118772637672,372183.96315271466,1104928.6995950446,2950384.9828470238,382789344.0491638
SPS,2022,Dysprosium,EV,203430105.184025,221013850.70685047,2572979483.3910255,1109745.4075940703,155900482002.42917,100262.27237237379,7.8776766689337805,55.02964803159215,25563679471.83336,85050929.16716103,606764.3573141926,11412786.420631984,9060423144.757341,7.631074630743886,164600.24413091526,469309.68666246213,1206033.685240641,151996882.17350006
SPS,2030,Dysprosium,EV,537717004.6783711,585032897.3743554,6848394089.596105,3024541.900085596,446506522460.00775,293214.26010610425,23.057305021657257,159.34798103511574,74316644028.06894,248758125.11816084,1783496.5503903318,33368840.569174226,26493306803.602757,22.053732387629644,433012.6285474372,1264319.7228355054,3299498.434818318,420500670.75819397
SPS,2040,Dysprosium,EV,731958780.9774832,797227276.3531021,9317537277.64618,4320323.371177319,665060101774.2383,447391.18409952027,35.24418815683391,240.09949600271395,112550587668.44951,380351306.7597152,2734959.2522649234,50886926.32098415,40404697130.47046,33.58235719015538,609572.7306811623,1795797.2756839872,4731665.08634907,610809011.1577454
SPS,2050,Dysprosium,EV,813176519.9018892,884953753.4689443,10379125310.645657,5068191.648698792,790823251015.656,543622.7694639569,42.796728443220694,287.03124571042883,136070401817.83124,464062654.288661,3329991.3379592393,61809672.51196391,49079489749.18458,40.51218215017235,701624.0658387579,2082960.6953100027,5561929.885209361,721616841.4571838
SPS,2022,Ferromanganese,Wind,215062287.08758375,228474134.04974377,2096545341.7192874,1151370.4477731052,114229174766.15381,1384.439914758063,181.56554032549957,15.529910264077667,1114235141.2739382,6418511.707729013,49555.8468261574,31735.735305329676,135431942.11092398,1.2351448024728924,321093.2579636133,1041380.1468503248,1218653.776206819,44363221.28164673
SPS,2030,Ferromanganese,Wind,279348538.2234865,296510379.89266896,2652710184.2747946,1539897.0712528802,158609049083.78668,1998.2866677106233,259.1149806755011,21.453031862407556,1303259408.019863,9286433.193747655,75207.60442288854,43153.94612911626,193187245.07590228,1.6046042849827888,432073.49746768473,1413377.525650594,1631591.880955603,52781717.74145508
SPS,2040,Ferromanganese,Wind,230411730.72370836,244073579.75430733,2088474065.8180358,1352956.429657186,139975751039.72327,1896.9165862128684,234.46617341170142,19.199477774838396,878776617.1326258,8959429.914582364,72335.98685192323,38069.26792543834,174782008.78583604,1.5177116459095201,363846.33335778734,1241764.5948475883,1433853.242381672,40750310.036987305
SPS,2050,Ferromanganese,Wind,291350124.10486746,307671037.8297203,2543631508.503023,1810820.879890563,187233748684.11984,2701.8251516650275,319.6014962063346,25.976191097342813,930389465.83526,13301936.003367828,101617.43672662681,51506.30330279169,238245976.17967427,1.9898561993438681,490177.1119052663,1672882.5421622796,1920153.242631969,51364645.812561035
SPS,2022,Ferromanganese,EV,101313193.10557207,107631348.92722172,987656673.499856,542396.4289181982,53811956517.789825,652.1925825601581,85.53328850642977,7.3159493410201915,524902443.6670668,3023681.7663466036,23345.148733417747,14950.313803864492,63800318.91950837,0.5818614950157137,151263.07680210163,490581.35362983966,574092.7757705607,20898966.83102417
SPS,2030,Ferromanganese,EV,186406501.5115313,197858427.78754345,1770127125.487501,1027558.0017907874,105838241129.88942,1333.4368209475904,172.90484977697,14.315394817235688,869652042.4123999,6196744.519143205,50185.28651228554,28796.199097738256,128911927.44470203,1.0707364820171814,288318.3480071311,943132.7672127434,1088745.0364255467,35220715.34918213
SPS,2040,Ferromanganese,EV,581635196.5466937,616122209.0835342,5271997306.4711485,3415308.22415632,353344958661.79126,4788.443053611765,591.8699470184297,48.46581375907705,2218321996.1117234,22616555.862614512,182599.88672394585,96099.38722587247,441207432.0767882,3.8312047251115042,918468.1394069977,3134623.3627964607,3619518.4586839564,102867221.70153809
SPS,2050,Ferromanganese,EV,1028453293.8172141,1086065410.9563508,8978908834.223078,6392119.118391419,660927007117.4504,9537.325529155889,1128.179411257108,91.69482723567248,3284234436.525253,46955256.802586466,358705.1415606997,181815.01534229008,840997956.3025355,7.024106026126848,1730303.93188138,5905202.77258179,6778057.613965029,181314970.54858398
SPS,2022,Ferronickel,Solar PV,1961195.4120010976,2093765.6456597107,24957224.01889029,9079.433305061855,762641648.0446752,33.895885955389424,0.014755088475286093,0.5576759760623493,12321090.970989715,51968.219640742136,369.7150740865857,202.9144773445782,394155.464807264,0.029999221233970665,2265.669486250222,4584.313982500017,9403.223187906766,588361.6940317154
SPS,2030,Ferronickel,Solar PV,2429017.975237191,2594003.09917311,30932159.42877776,11303.691931627876,999697134.7601293,46.466947475608706,0.020114612122347705,0.751067561307058,15225566.57384882,72640.06381154254,538.807574626692,262.3227342025688,534348.0081028707,0.0395094097144279,2846.546095665027,5762.608915752443,11714.908054370913,721299.245595932
SPS,2040,Ferronickel,Solar PV,2317620.5772028784,2474413.7907515964,29369071.70142539,10834.05022551345,1018423629.3126034,50.15884223896114,0.021651697634324712,0.7908523911899508,14568451.404329177,78472.41128103295,618.999853820277,267.15144420106776,568057.8917021938,0.042204470693836156,2851.6967999779727,5692.593414719429,11244.896346592875,703123.5889439583
SPS,2050,Ferronickel,Solar PV,2760600.512205227,2943596.726321007,34604864.33541013,13032.110221353736,1278370146.068164,66.47277200772675,0.028109777507042848,1.013340967360034,16149402.968174504,115783.18989715977,833.0619648173131,337.0884185441778,737022.2426020475,0.053479058618182355,3580.6269472580843,7016.842148803999,13543.855383806835,859339.1839933395
SPS,2022,Ferronickel,Wind,284245752.01601344,303459811.7321646,3617173926.714046,1315927.1798638636,110533426419.7585,4912.698415813558,2.1385279580280026,80.8267377269486,1785756660.083775,7532011.1307235155,53584.634464431154,29409.398907823983,57126901.1847454,4.3479355230818415,328374.6856626701,664427.3015628072,1362855.649194984,85274170.61865234
SPS,2030,Ferronickel,Wind,354786371.7409037,378884371.0596333,4518002223.83106,1651035.887170654,146017412344.05273,6787.038988106553,2.9379734224348684,109.70216677066887,2223871365.920187,10609927.52851425,78699.12302713667,38315.291217141006,78047751.38532433,5.770809547359674,415771.21765663894,841696.1627391631,1711098.7922939146,105354157.48016357
SPS,2040,Ferronickel,Wind,293326472.5547506,313170790.776276,3717056315.915056,1371196.7210639245,128895391114.10947,6348.285136103494,2.7403174421084096,100.09314919839517,1843836089.0696833,9931753.204276156,78342.86829302435,33811.656461896506,71895468.66251658,5.341551001244686,360921.097854054,720475.2850629727,1423194.8974023801,88989873.55499268
SPS,2050,Ferronickel,Wind,357753302.73237485,381468251.5987517,4484533148.445052,1688864.5976296319,165667266903.8298,8614.377061222383,3.6428181831287274,131.32145569931689,2092842562.144301,15004640.622018255,107958.63725173549,43684.152963761364,95512603.25872952,6.930488407534828,464022.6322391167,909330.5758612221,1755182.9661206459,111363969.50268555
SPS,2022,Gallium,Solar PV,1712267.1716683086,1890980.6124046189,25594521.204013746,3481.2434678731647,325913211.1759321,228.8264210391066,0.01648519055252462,0.1051182779569502,9202136.87712009,19921.01876813989,193.11278128204842,3230.176562625441,25427.4484516093,0.052748746792295104,771.210220895169,2231.987595385704,3913.6114525093767,597117.0221782923
SPS,2030,Gallium,Solar PV,15455091.320039285,17117195.654550646,236975933.85552248,29873.041871728874,2957579346.657652,2308.3221218182393,0.16662410313837264,1.0081296194051461,80072955.54964861,202131.08555872453,2264.4841475663516,32503.541781909345,253500.578850071,0.5238351870653578,6199.369250218693,19332.78722404412,34037.17146567222,5272425.667999744
SPS,2040,Gallium,Solar PV,397287372.49334913,441228498.90493506,6239266016.512225,746921.7436259708,75572548046.57413,67403.63252578126,4.89559149083418,27.850765135466176,1882981106.8909142,6265141.5414947355,75771.77172498395,946517.3061803619,7389069.04114509,15.22005447292794,150453.22268509347,488379.4866446043,863778.1557471904,136318869.28502655
SPS,2050,Gallium,Solar PV,467000520.52716374,519115462.9732842,7532442972.639789,866177.9093804103,86634765680.54382,88069.30565859644,6.382309103740466,33.937303568661605,2080117477.323436,8980155.628233986,104288.74257869612,1234880.715304706,9652312.59691902,19.762679394724955,169045.31388658212,570914.1294284525,1014766.6132488394,166877851.30622864
SPS,2022,Graphite,EV,4885136310.537826,6038766305.806152,76657461345.02151,13748429.849470893,1841742125861.9282,707129.5487969699,206.53139916232237,325.92628395555096,21151661815.90854,118347727.97936368,1085271.4316524,623970.9496517841,195905130.25835785,44.84811542231082,5013244.831928441,10636962.426778927,14533305.408000544,1378698118.8098145
SPS,2030,Graphite,EV,11306214119.467335,14334393164.01378,195305184221.21924,32918390.425226778,4703350233296.041,2010037.8233960338,588.4835174361967,849.5061718755329,71422230324.63745,336247017.3722812,3555333.0229983237,1654763.6607701755,557573653.1674142,126.40606525823644,10747709.380298622,26020173.450480834,34893766.16406486,2730588808.2910156
SPS,2040,Graphite,EV,8972377962.644426,11877998677.072048,179791826925.86676,29077877.354991127,4360954635066.142,2131480.119929255,625.5995308387538,825.7011531928542,89696775828.53944,387627788.9110551,4283750.191811066,1645622.9461432663,595188660.1959461,147.5700750231604,9066942.778043233,23559945.098230254,30936421.247557778,1915834598.1308594
SPS,2050,Graphite,EV,4000945135.2300916,5666147955.733363,99538241439.3708,15445536.79371435,2394233208197.549,1355771.7017381205,397.9972819627668,475.0318175760762,65214050631.52792,285530869.698469,2892843.3725563264,982952.7645074076,381051369.65398616,94.7738945846782,4742089.333561532,12643982.360233564,16492707.661193259,936917307.3686523
SPS,2022,Graphite,Battery Storage,261613835.00601453,323394212.8818759,4105239070.0001764,736270.0300649874,98630865140.75641,37868.9275686723,11.060381522509523,17.45433896919932,1132735508.8277793,6337879.029934631,58119.569897077345,33415.53289283331,10491312.660751253,2.4017523202195585,268474.43406558526,569641.5322703964,778302.4917644691,73833457.09272766
SPS,2030,Graphite,Battery Storage,763163232.0690109,967563651.3871434,13182992472.560867,2221973.2410842776,317473552832.7183,135676.44710023847,39.722313626862984,57.34119917955773,4820961248.405544,22696488.66012278,239983.02280878025,111695.63660476761,37635914.79619146,8.532339852780618,725464.469480042,1756347.3908807258,2355310.0165489027,184313242.11279297
SPS,2040,Graphite,Battery Storage,1418219203.6874163,1877496232.9197748,28418800754.2604,4596195.594858951,689314430980.3044,336912.471916273,98.88540943630352,130.5144786410458,14177923680.712605,61270398.59503552,677111.1082390822,260115.44252435677,94078514.21565539,23.325668530548167,1433166.594195279,3724003.4598680213,4889966.393448567,302826455.76013184
SPS,2050,Graphite,Battery Storage,910376556.3318428,1289277430.5215752,22648968781.645294,3514483.233759666,544784721975.1673,308492.8013964205,90.56045077755343,108.08891789716972,14838829534.45362,64969801.15863997,658238.6657405997,223661.44062049364,86704571.53648935,21.56488751180902,1079016.785132056,2877016.4874475403,3752756.8856105916,213186515.44128418
SPS,2022,Indium,Solar PV,2834323.7376980474,3008031.142604865,46271519.63107912,20611.371828952902,2748166950.6812153,41.83781807040386,1.3885176896139644,3.801943255927843,79275237.7410209,185527.37375141008,1286.0128284779905,764.2101585444416,567546.4888539654,0.05735425968796111,1739.2533166535823,17847.17954038236,21968.733474290613,4860447.765608311
SPS,2030,Indium,Solar PV,2578680.1494182036,2754940.1395578682,43018306.50669061,22207.712526775576,3308254618.4670615,52.78205961205617,1.7252018204642474,4.6931503562365755,72968209.57165685,228830.15370275255,1769.9474858225556,894.6841100624526,704666.2432279254,0.06178463142404379,1762.2083629641986,20339.49723098133,23779.35082289659,5605317.435027838
SPS,2040,Indium,Solar PV,3237395.350753135,3484529.4254570547,51843841.803590745,35906.644166837395,5768269454.9588375,98.1388492986377,3.1093375158520336,8.400077877155033,77580468.06493914,414255.09318956366,3497.50418217211,1544.4897742266685,1269769.0639404813,0.08538938338959115,2725.9499543655193,34415.1611071195,38595.56070595883,9348694.961981297
SPS,2050,Indium,Solar PV,2822678.237702068,3037819.3826929755,41329400.336644255,38417.948935315515,6273938969.905476,112.67422647305122,3.4691365906659497,9.302576799033362,45414828.21871861,476011.1730758276,4006.130332751614,1691.3317650989002,1416493.0778389927,0.07599440194367463,2781.0474293695115,37371.48435518169,41345.92963441595,9896328.165399313
SPS,2022,Iridium,Hydrogen,82600522.11621757,89790035.80282366,1417117601.1083884,78467534.46924925,20190431143.424248,1602.4378217686917,0.9197623959470285,16.027759319549872,1495676904.497194,1584210.2938001624,12179.080836495361,9648.279632165404,3152341.668418484,1.3078391833297378,5282360.630397044,136637.7379177807,78481687.23262829,57810705.82324219
SPS,2030,Iridium,Hydrogen,54436160.03420525,59367373.03331399,928478357.5001073,56712531.827635705,13961772309.977821,1166.9378650224535,0.66816295296695,11.39870628297918,815753796.0756811,1146343.4380036043,9036.195262175042,6713.25151948651,2268274.2972470364,0.9369152508942308,3817050.3274456207,89503.33594356342,56722202.70496514,36993457.60458946
SPS,2040,Iridium,Hydrogen,35375386.65531888,38718249.734646454,590798295.7990385,41508371.441809945,9649287166.455025,873.6994808242473,0.4939973836948297,8.17151609113007,367467997.86753917,879869.6982715443,6770.917989688384,4739.403595961143,1661293.9132983699,0.6947572975934965,2793049.0255872053,58369.047722445925,41515041.58899318,23260617.832170486
SPS,2050,Iridium,Hydrogen,27009574.891179968,29607360.566267174,442423801.58956385,36789961.10668055,8106165669.647279,790.653097065502,0.43682470956826935,7.076732315605455,218060396.26400018,841698.2262018768,6080.725356588129,4054.3944386085864,1471844.3621882363,0.5892412351583717,2475057.573608174,44728.23326079422,36795520.4898889,18035073.057356834
SPS,2022,Lead,Solar PV,1392867.055899865,1500755.7013844547,17942250.46495267,27176.013855283916,1562195659.086915,66.3174310459729,0.5793143046061205,7.405061398370922,13780095.195811363,91245.07719565927,511.3184671559259,339.7665707274165,258804.6132943978,0.04500416743551299,2632.2454338480256,4635.445858527635,27684.424560085143,982450.6227663159
SPS,2030,Lead,Solar PV,1627047.6461326047,1756574.5505320427,20874595.27591993,36000.96716557098,2083391179.838998,90.29824034898095,0.7863991004841782,10.04552521714393,14935769.109608937,122965.6254949548,741.9837356041346,444.67856713057427,350985.8595649674,0.05925283633987154,3387.922323524002,5718.279753975319,36656.86984532321,1200624.126368761
SPS,2040,Lead,Solar PV,1462834.7946407832,1580785.8041517471,18282652.18215219,37548.55496191372,2172616960.480852,96.96741463981076,0.8363003125740744,10.671558809740016,11367984.474296687,132658.75454687758,842.6552734783969,460.87395166578324,373478.728798897,0.06309426991612994,3480.722880493525,5632.750674168123,38219.87649926153,1145239.7485352159
SPS,2050,Lead,Solar PV,1683074.6087526092,1815137.240719421,20537519.113582656,48516.80139638354,2794177631.6590743,128.21030980391313,1.0937738782114623,13.937215789716923,10887148.084396493,183810.02848504393,1124.5335432236077,595.2050879449371,488908.1905403236,0.0810593110267049,4454.453237661317,7059.874551180433,49376.87836249519,1394864.679495275
SPS,2022,Manganese,EV,28059808.19980543,29986197.716747403,406208210.7303633,861755.6835109717,12931607548.175697,279.24751940533076,0.6715561415084701,4.829039769290562,306475045.8457377,1235436.3311676106,9774.438976236188,2783.827724099011,19600459.792190835,0.553387273128745,70776.55594995161,79586.37423754345,868070.3900858676,15192554.508122444
SPS,2030,Manganese,EV,46519504.727679424,49732624.04949853,692989338.1443897,1702980.374584192,24583317902.38057,579.388810567292,1.362007494654359,9.531979468323474,531086155.5944606,2524446.934773695,21472.29416734239,4907.855385993891,39600529.548954986,1.0629875942566012,136227.97632758453,136000.51852229392,1714255.6229808202,26981982.015787125
SPS,2040,Manganese,EV,123622462.03907119,131956157.90784693,1890336665.9979727,5702733.58644039,78288355664.01106,2117.429537471776,4.704376613994821,31.81023215846877,1483748754.4995987,9267027.826949276,80061.83370062376,15094.569904345328,135575856.9938871,3.75723968608378,449064.3336425775,402173.6186007372,5737614.054902008,82541729.94325256
SPS,2050,Manganese,EV,185598028.73443878,197029759.2858085,2916908924.7029505,10710931.38700729,140320902993.82956,4251.790742835915,8.97944455062921,58.211635529987475,2256553282.0653367,19436670.401263777,158895.06662577388,27066.738316261504,258503993.0897064,6.95833816604825,833147.4220309157,698155.1055681927,10773506.85800728,146962187.00143433
SPS,2022,Manganese,Battery Storage,2403029.858227024,2568005.024658104,34787495.76944034,73800.38463655877,1107457286.6594186,23.914636984991603,0.057511777986129754,0.4135568807006834,26246390.592716645,105802.23394951114,837.0787333990456,238.40580425694483,1678574.9132789713,0.047391847122476974,6061.273690794122,6815.742724933305,74341.17338099224,1301083.8080499172
SPS,2030,Manganese,Battery Storage,3126822.0196961085,3342792.768013148,46579479.60987675,114466.32042906978,1652374851.8890793,38.943787158795274,0.09154772928488181,0.6406947680831756,35697110.17753878,169681.43382893683,1443.26648808646,329.88292502776494,2661761.09376382,0.07144901984323201,9156.602989934294,9141.314347497133,115224.1895244203,1813601.7568523884
SPS,2040,Manganese,Battery Storage,1520700.110345598,1623214.2652831413,23253340.284267373,70150.25789917204,963037858.4387795,26.046846812229628,0.05786930561007615,0.3913028648322193,18251835.93236935,113995.22389841721,984.8537016236569,185.6807714434733,1667740.7753426128,0.04621841946018397,5524.013763022375,4947.203413494022,70579.32824256743,1015359.3106164336
SPS,2050,Manganese,Battery Storage,0.0,0.0,0.0,0.0,0.0,0.0,0.0,0.0,0.0,0.0,0.0,0.0,0.0,0.0,0.0,0.0,0.0,0.0
SPS,2022,Molybdenum,Solar PV,795007.4277672161,858977.0399810997,10319620.299015759,9252.82032685984,10482500385.715897,24.54377358727593,0.0233408283679752,0.15971398975288542,8689302.225013101,312254.57370438176,2623.4455003630587,871.3277916422134,103233.76805570416,0.010167360891057435,1589.0338143784397,13707.051934800364,12242.038543474475,1617452.5231422186
SPS,2030,Molybdenum,Solar PV,922232.508366019,998676.586991014,12136122.368455824,12642.196531352947,15244685055.742493,35.84261109038323,0.03409767460640482,0.227236057889529,10954350.249948554,453421.30410114746,3863.2536052924215,1258.2703701597188,149969.66138347282,0.013668238700220332,2146.0670256135254,19562.60165121663,16974.493959337513,2257132.6420992613
SPS,2040,Molybdenum,Solar PV,739486.3422303486,802838.5553116724,9650071.93636788,12932.112456077117,16538215828.615301,39.36221333975226,0.03727743382587546,0.23794122641403959,9381015.175265845,491824.0415249842,4250.978808323749,1358.4171275985095,162919.1754833286,0.014096679086029665,2205.206685529659,20900.199630839994,17621.848254996214,2353383.1100239754
SPS,2050,Molybdenum,Solar PV,605875.4103085747,656405.8837237987,7838208.018653517,13390.449987879792,17796370099.09204,42.61032650175147,0.04010684800392482,0.24258286251662722,7929314.316594682,530800.1475495014,4600.689928427585,1458.1972268063905,175544.9149463027,0.014247636722124172,2282.763764641305,22284.259758784487,18433.197032362423,2471638.064346671
SPS,2022,Molybdenum,Wind,58406411.09543945,63106034.44244789,758146357.4823896,679772.3001413913,770112586942.3917,1803.1450775219332,1.7147689057406175,11.733627406976387,638372598.998202,22940249.81556463,192735.35193378312,64013.40090678741,7584223.348612787,0.7469603920891617,116740.74853337952,1007009.0948193091,899379.692369042,118828571.52588654
SPS,2030,Molybdenum,Wind,66994114.01497746,72547272.54356435,881609310.316528,918372.2631094522,1107425903426.833,2603.729484919226,2.4769713488786174,16.507202069397216,795761354.0486746,32938069.59547777,280639.91472204094,91405.05010987085,10894307.566009605,0.992907464831054,155897.62635072286,1421094.0880551122,1233085.1204467267,163965811.44122314
SPS,2040,Molybdenum,Wind,44730368.734148726,48562444.71638403,583717712.3824924,782243.1945492488,1000370730293.3019,2380.9585334178782,2.254853491228964,14.392691503205917,567442891.0001104,29749664.69749757,257135.03917310078,82168.52096145556,9854725.337121569,0.8526860030210724,133389.492875888,1264220.2874026601,1065917.9557607868,142352452.3342209
SPS,2050,Molybdenum,Wind,46433129.025026254,50305687.5607651,600705224.3129846,1026218.3964087882,1363879660617.684,3265.5736717333484,3.073711882786072,18.591085168414416,607687436.1923873,40679504.92514011,352588.04931861657,111753.43779301461,13453425.48435417,1.0919115431391364,174946.6352550272,1707822.913756885,1412684.8549795016,189421599.21378326
SPS,2022,Neodymium,Wind,259337167.39275506,281471693.5262363,3323191959.2357664,1411467.3233238272,196869317212.78864,122230.52172022394,9.435974571063813,69.80400192958481,29692535427.321926,98897564.55954544,706392.0482256692,13234391.779790755,10512581677.845545,9.427772620482108,210498.03364223347,691569.8657657565,1534113.4043859085,182010843.84394073
SPS,2030,Neodymium,Wind,413490827.7482766,449324674.75781405,5344243737.576914,2320478.103420918,339210831183.8117,215005.6148302352,16.613218974196837,121.62036002675043,51911619397.18369,174065069.89954835,1249260.5210615525,23273231.83336709,18488543221.79076,16.39064558865309,333761.06920404185,1135980.5610113428,2531271.296627801,302287976.8969345
SPS,2040,Neodymium,Wind,290870851.3487168,316351345.0521827,3765842262.1234293,1714014.4487549816,260673012334.52112,169229.2782268269,13.099482245345055,94.54544430710894,40541843722.84496,137799160.46885216,988350.560131593,18303933.79900993,14541953822.730278,12.873899591453311,242875.71967345526,842367.8960257717,1876737.6163860413,226109413.77804565
SPS,2050,Neodymium,Wind,374567270.31220734,407030118.30001086,4869218631.349536,2329011.649158437,360240343597.26227,239014.23378855013,18.48034054520406,131.3367773815104,56942209032.3441,197205494.18007532,1398247.1750162493,25828195.779412176,20521139358.620197,18.018953620392097,324293.92917364504,1123120.1287283222,2554809.709837615,310107306.1597748
SPS,2022,Neodymium,EV,176968359.79677108,192072676.79113632,2267703608.5040574,963167.2144281088,134341099317.60887,83408.54171963908,6.438988131601908,47.63335642523247,20261805685.65687,67486430.74940504,482032.88176837715,9030979.360665549,7173651025.270992,6.433391225627438,143641.160766192,471918.4143940725,1046859.3285175165,124201867.49212646
SPS,2030,Neodymium,EV,494685846.7685658,537556197.8412132,6393664771.374985,2776138.1836443315,405819877966.887,257225.13655621035,19.875469404136982,145.50231044243907,62105231060.304504,208245312.15117502,1494571.2388863245,27843273.959003344,22119041210.647255,19.60919045353626,399299.9748910902,1359047.0888960802,3028323.727498953,361646676.9857025
SPS,2040,Neodymium,EV,682667868.559223,742470059.9638445,8838353855.305676,4022756.4397935197,611794165335.5251,397177.61380779574,30.744213736762518,221.89620117601976,95150868206.30167,323411777.8743851,2319638.3107686825,42958953.82737778,34129664677.01724,30.21477591649969,570024.2877739884,1977020.019215386,4404664.346676641,530674114.8152313
SPS,2050,Neodymium,EV,756131010.5437801,821663073.8062414,9829388459.947712,4701526.458461127,727209547208.4258,482492.9684279287,37.3058718130694,265.12676913888015,114948030623.00076,398094551.8140905,2822611.939782719,52138831.45457785,41425589127.98177,36.374479805916295,654645.2822076427,2267218.8020847784,5157340.218317574,626007046.9803772
SPS,2022,Nickel,EV,4980133038.618671,5431342587.688909,82937234149.06316,548293843.3045331,6792675941692.652,1526339.698171701,100.74454524084102,1385.0071029922317,187827697840.48306,168374321.12002802,1871706.0810483585,1343538.1891500207,2202721069.1997795,95.47323680388664,39067117.90993856,16498425.671121307,549348809.0388706,20583163774.88208
SPS,2030,Nickel,EV,14384648194.169188,15705183646.441553,241665107437.03503,1657081562.8079298,20476259271633.05,4620863.921589682,306.87309715007666,4179.690759744032,557911308920.5634,529668766.0642541,5773684.561345159,4017616.8261850043,6649283490.215707,284.3022958822015,117123622.17651646,48237656.2091252,1660178200.1040533,61884501185.94141
SPS,2040,Nickel,EV,19730968757.46209,21553122061.090065,332212008497.59705,2365105030.1458726,29286913921002.19,6643358.183515815,447.6144601427904,6023.218987555753,786569081924.5464,857777280.984732,8528180.995621629,5726028.448977247,9537652006.954666,429.81461117512936,166656064.46294078,67399379.99957468,2369461247.997697,88421692897.0498
SPS,2050,Nickel,EV,16246517435.208645,17730316991.828545,271689431409.18918,2013348405.3147893,24832630053916.156,5644877.324864885,389.11823863634515,5166.192739511134,659981403241.6198,834948025.126462,7405772.151741083,4849369.066542027,8093018353.421722,367.63674370758895,141747478.9040309,56364635.58170463,2017020748.6554694,74801574369.20703
SPS,2022,Nickel,Battery Storage,136203003.21043804,148543255.00371942,2268272811.4835534,14995436.371029982,185774728490.0738,41744.27654807429,2.755289770868922,37.878933239834446,5136950425.539705,4604914.772804432,51189.795009318914,36744.78871771298,60242813.30105443,2.6111233330661103,1068457.156635681,451219.89859013684,15024288.913760593,562934503.9520569
SPS,2030,Nickel,Battery Storage,281744910.6248948,307609578.147893,4733373606.147866,32456427.888221018,401058250472.6752,90506.55080503212,6.010569891085648,81.86551270827198,10927529804.459066,10374357.241219297,113086.27216701084,78691.05162247902,130236190.51245166,5.568486893982703,2294041.8157437313,944806.8492146628,32517080.174356714,1212100777.185852
SPS,2040,Nickel,Battery Storage,276421527.42074144,301949032.2064914,4654132898.653983,33134001.324499212,410295793328.5232,93070.30176083093,6.2708665899380875,84.38244533229566,11019460307.304253,12017053.450907638,119475.77667917259,80218.9466405343,133617987.44792207,6.0214991361662635,2334772.5324106757,944233.3924758497,33195029.873435684,1238746039.6994019
SPS,2050,Nickel,Battery Storage,0.0,0.0,0.0,0.0,0.0,0.0,0.0,0.0,0.0,0.0,0.0,0.0,0.0,0.0,0.0,0.0,0.0,0.0
SPS,2022,Nickel,Hydrogen,26993940.910578843,29439643.427246798,449546785.3058863,2971930.969117632,36818512994.10679,8273.25762231962,0.5460682034407454,7.507188986516361,1018087215.2528629,912643.5860102103,10145.255751602223,7282.413985286039,11939464.653530268,0.5174959971632894,211756.48606769062,89426.83342599074,2977649.2265365734,111567442.55290794
SPS,2030,Nickel,Hydrogen,77106604.83878744,84185123.8209373,1295407137.5915766,8882520.554160198,109759711250.66177,24769.401629179265,1.6449441319807276,22.404563490857637,2990594295.484129,2839204.663824827,30948.912196261314,21535.792104799704,35642420.14267398,1.5239569635241297,627822.4347615797,258570.2372042692,8899119.582867622,331721965.9584274
SPS,2040,Nickel,Hydrogen,49255893.73123011,53804671.370521955,829325695.4556613,5904188.661998945,73111114691.87279,16584.312140375758,1.117413470791548,15.036212261943472,1963571256.3223436,2141333.611978313,21289.536363092757,14294.313282420968,23809554.38502451,1.0729783758927463,416036.00420010474,168254.11562999547,5915063.414587989,220733688.3661213
SPS,2050,Nickel,Hydrogen,58257106.30372457,63577746.17920291,974229717.2501911,7219507.3524292,89045370776.93288,20241.520664204698,1.3953084212268616,18.525043339995342,2366575293.4720936,2993974.311840112,26555.77462836128,17388.97030346272,29020116.61351646,1.3182796217553252,508281.111920096,202113.50401396872,7232675.71895667,268225069.59352493
SPS,2022,Platinum,Hydrogen,47814670.71608036,50988984.61596506,805401352.2588049,3599325.6005655667,678224026297.3414,806.0518697465624,0.35023071643989195,4.454171418885576,214508488.57416454,1861283.8465069386,127450.41734728903,39493.48316719843,962243.2985723501,1.0236995376667588,266907.3054875623,933678.1905268054,3793622.6117890915,30323665.421164513
SPS,2030,Platinum,Hydrogen,195994737.94745687,212301191.55060017,3683549606.699649,18836740.35477386,3625424188671.268,3971.574437388683,1.8389705505188139,18.654374555995645,784280686.1812054,10047523.933457762,692448.0178460496,207896.67703726504,5180273.1343918145,5.825528072051175,1389319.1164199808,4870922.97677997,19869583.413305152,136845877.7063446
SPS,2040,Platinum,Hydrogen,328042276.77028406,359462919.4949405,6616836216.178412,40788989.346806325,7949268624650.309,9003.244993690612,4.188235719281345,35.41095014375087,1205279640.6913168,25850012.721627183,1557918.8214863692,449959.35981491045,11640647.034648694,11.110210402142995,2994897.4216448893,10458756.604447836,43043593.94916538,229422878.68670654
SPS,2050,Platinum,Hydrogen,387662374.1996917,426453254.894558,7998620187.712004,60157847.77610956,11798486789297.094,14400.042380232455,6.4377097155588885,49.86344506110763,1605046976.0124,46359401.17297675,2354993.5864693425,663082.2352727593,17681642.10519247,12.638288373561515,4407048.885482625,15335906.122225927,63496719.32183066,270874714.2732849
SPS,2022,Praseodymium,Wind,141446977.22578067,153324180.92447323,1841959226.852152,767468.5897812297,106178847828.63425,62877.3857108613,4.726532144893091,37.86574771496614,14194917454.641651,47354075.85245498,338879.79565609177,6310477.504263428,5017329017.739405,4.934734818581473,115242.9520382459,441307.1322073139,834299.2460656167,91185656.29179001
SPS,2030,Praseodymium,Wind,244481599.45086014,265256738.74867946,3217189965.4232664,1368008.8535414094,197666429018.1821,119471.16967835755,8.989809937253089,71.29302186168404,26800606863.013985,90096099.41651121,647686.0181477602,11986409.03936827,9531105830.915648,9.269110052631499,197872.24757766293,793360.9512693945,1492211.3827249082,163120845.5562744
SPS,2040,Praseodymium,Wind,174282698.99621612,189205829.25668693,2303305894.6177845,1024891.0992946273,153614212853.65454,95085.82519228882,7.1673581117740355,56.04173968760548,21154001252.353237,72543207.54646309,518268.07582555286,9529457.97646398,7578046741.926571,7.354533143503879,145938.7853232827,601453.01655368,1121882.6491605535,123045611.10123825
SPS,2050,Praseodymium,Wind,239809281.25431666,260107282.5977971,3187951600.9284363,1486525.8610162833,227560401689.77704,144005.50075529367,10.834908104599723,83.42717831382548,31836425791.715565,112910522.86009184,785823.6294889313,14407842.805876402,11458692821.151623,11.007805648071958,208358.29116234282,850827.6550910358,1629818.6794930098,180611868.734581
SPS,2022,Praseodymium,EV,88277468.55233431,95690065.8136203,1149572093.4606605,478979.37183325255,66266526750.54104,39241.958708551916,2.94984241420995,23.632122924641042,8859089135.605223,29553816.022644807,211495.8629076923,3938387.3049730617,3131329585.595963,3.079782306454527,71923.46046529862,275421.06059408624,520688.5781675788,56909232.44598198
SPS,2030,Praseodymium,EV,247660423.83631024,268705687.8370086,3259020851.4191213,1385796.122247588,200236548267.07098,121024.57029576522,9.106698190247553,72.21999549452747,27149076534.483574,91267556.4034681,656107.4294655606,12142259.988617232,9655032178.353128,9.389629850984047,200445.04294228947,803676.4725357142,1511613.5706290551,165241792.58377838
SPS,2040,Praseodymium,EV,342622840.7288434,371960263.84575254,4528075438.506698,2014836.2511051912,301990606568.3944,186929.48713822616,14.090329165892083,110.17261129040011,41586709659.690765,142612892.66406947,1018864.6458951088,18733987.833027363,14897703081.53914,14.458297079255415,286901.4623251006,1182398.1512991637,2205512.207658275,241895707.70687103
SPS,2050,Praseodymium,EV,378431671.7131907,410462986.5174903,5030755471.055703,2345816.0738687296,359102294860.1463,227248.26204256614,17.098055444044835,131.65247979762194,50239556078.54463,178178749.7817515,1240071.0607353027,22736334.516704485,18082420568.858772,17.370896870651357,328800.35346192477,1342650.8355798707,2571939.6857531895,285015038.0294342
SPS,2022,Selenium,Solar PV,4134686.434847844,4438078.358193324,58851942.507525265,343171.2751799722,25134145709.253315,195.22778097887206,0.5597563614385642,46.24183007645281,72207507.66173024,823996.112078685,6793.629040102426,2150.0630893959,533899.0034219723,0.062431590443144586,25945.907751791758,38093.55261902064,350406.1141757988,7514558.379837751
SPS,2030,Selenium,Solar PV,3327643.5849465705,3581073.031766735,48628253.5648383,338918.4653188719,25134173576.943523,196.8168618378083,0.5627404954661084,46.44981355907704,65744490.80581389,824632.6235137855,6954.387585088164,2112.1280876571345,534850.6605299407,0.05800479834162617,25353.78886065072,36601.76755800726,346085.5171079055,7213976.065444946
SPS,2040,Selenium,Solar PV,2212524.3907307154,2386404.29546356,32869086.561782897,296581.4358171362,22101657201.522507,175.87015617466366,0.4981522002780181,41.04598053899019,50283234.59945226,731422.712747156,6277.355912680611,1833.9827913411361,472751.03010471043,0.04895287349317382,22038.886698898208,31155.929023380413,302844.1929121166,6105625.967148542
SPS,2050,Selenium,Solar PV,1316765.4411515987,1418000.7139729348,19667322.10244015,227088.06676686357,16962538580.383253,136.85410906570496,0.383905465226636,31.61114570453138,32925978.154346086,571781.8252216651,4876.594397117667,1398.384505813637,364428.15869784856,0.03470808044625593,16796.655525567625,23450.261203108254,231881.34046427,4569437.515360355
SPS,2022,Silicon,Solar PV,7818412011.906026,8534775386.344918,94507556435.57474,32658737.486155316,2068384928289.5417,81368.24077762043,609.6341863109917,281.0578501110855,64881099680.893105,522907162.28682643,764415.9873216882,510548.0423566558,31721821.455320843,63.31037752088762,4978009.143740317,15834137.91648943,33659124.43554251,2775348769.0334473
SPS,2030,Silicon,Solar PV,7159574349.060436,7852009958.961194,86733853191.62169,28228141.089354888,2060618018339.224,88453.96931305628,679.2379412686012,249.75611978774032,61062138973.033455,580487527.3920805,1070528.3130789218,501069.32255673275,34945970.2936545,66.05672803402696,4052120.8903052513,15314579.253994621,29196470.73139327,2402593216.237549
SPS,2040,Silicon,Solar PV,5392760258.436499,5954037161.086306,64219170156.99391,20277614.040954307,1749124422038.6594,85344.20015677666,666.8478008912027,187.43596232633104,46607778441.73936,570523985.2550931,1287671.1364775756,432240.9222732581,34406333.19809936,57.58518147487704,2894572.152231231,12949114.949141426,21099115.34072733,1775262667.9169922
SPS,2050,Silicon,Solar PV,5164310585.322466,5708093020.194039,61110212717.13278,21821029.70934653,1806254478062.3865,99187.82335933972,794.2762932531132,187.42980819264497,46615931438.60584,682986351.3619983,1654676.1034649396,471293.90268163785,41045713.005102195,59.57824436028864,2802228.477641382,13897086.080224728,22708185.767802216,1723012092.3686523
SPS,2022,Silicon,EV,89933027.89589706,98173157.3798517,1087094245.7817063,375664.4117647563,23792058946.503155,935.9563369838073,7.012453193859382,3.232930604822266,746309319.4158428,6014856.257420638,8792.865380742727,5872.692723986887,364887.32616106916,0.7282417374545213,57260.66041394113,182135.70284894347,387171.58576491475,31924068.19784546
SPS,2030,Silicon,EV,1176184913.8712847,1289939206.8620982,14248759028.433012,4637358.602231227,338521217639.14355,14531.34211696576,111.58616148094954,41.0302855895226,10031373817.386066,95363305.01248586,175867.8924650279,82316.37095468896,5740973.00426637,10.851891912194052,665688.102112548,2515900.555344952,4796437.153705362,394701382.70111084
SPS,2040,Silicon,EV,2292481434.3502297,2531082228.2277856,27299796070.84741,8620085.35407891,743558970124.6532,36280.12094229583,283.4793556210452,79.67968965252597,19813131245.14348,242531761.35591847,547393.5484718432,183747.14283426225,14626253.77371874,24.479664049281983,1230492.8462184507,5504714.504178668,8969308.458346903,754670430.7724609
SPS,2050,Silicon,EV,1954519884.1948218,2160323459.3424993,23128184083.752808,8258534.368893041,683607276317.2958,37539.29393340896,300.60717361189245,70.9359518469933,17642580439.67517,258487630.11362156,626239.9003103902,178369.07538230898,15534437.928159144,22.548384986479466,1060550.326925209,5259585.113522031,8594293.446118888,652102800.4807129
SPS,2022,Silicon,Battery Storage,723288.4200287011,789559.8486097615,8742980.169242293,3021.2895662855535,191348174.60572848,7.527450104054109,0.056397814126562446,0.026000917837783726,6002209.656699533,48374.61810098782,70.71681958850958,47.23126465355684,2934.614610474837,0.005856900718300704,460.52016227609806,1464.8305280783168,3113.8362746117123,256750.04375904799
SPS,2030,Silicon,Battery Storage,9616429.978913832,10546479.480863756,116497152.67334005,37914.815739891856,2767732817.6985307,118.8075381000289,0.9123229654132023,0.33546159598987935,82016018.71400934,779685.6892101909,1437.8872348076036,673.0145983582061,46937.91278503035,0.08872453428166964,5442.633166150179,20569.879139797238,39215.434148916494,3227059.0827670097
SPS,2040,Silicon,Battery Storage,31937269.44670443,35261291.063666806,380321920.99381524,120089.0809765007,10358750488.688673,505.4296103477658,3.949238771311384,1.1100424543171117,276022872.71670634,3378785.1433585207,7625.9091955909325,2559.838401667678,203762.8749213889,0.34103378766437614,17142.377248110435,76687.8840163717,124954.21628835221,10513547.691123962
SPS,2050,Silicon,Battery Storage,32115019.559360925,35496610.04339782,380022782.1822382,135697.25994264596,11232457253.253056,616.8139647311127,4.939323123953367,1.1655596340819918,289887977.33883345,4247250.367765699,10289.844994647163,2930.8099605483526,255248.76054766827,0.3704960132299212,17426.06701948231,86421.05928969245,141214.16945046774,10714802.321264267
SPS,2022,Silver,Solar PV,1501464576.7963905,1627871413.4208584,21155541902.89008,10030216.488862889,4699261383853.629,31113.47891302088,84.06629664067533,490.45444677238993,17806725078.34339,130978516.64181757,170331.90188153664,574706.7320998758,51063674.99744654,20.936935555258035,1322888.606713931,13475481.152918098,11752062.093172612,675712001.8257446
SPS,2030,Silver,Solar PV,1274027768.543409,1383544431.310461,18543216726.66419,9740340.581506167,4945713507721.543,32844.3856205584,89.41051248439823,511.22006716103976,15847981997.079676,141011279.98740327,239822.60976341006,597266.0863620933,54083533.475385055,20.736676335702505,1180107.7337276912,13845537.207957625,11542032.160902612,579283194.5089722
SPS,2040,Silver,Solar PV,670755217.2603338,727590150.2708875,9942001642.285707,6293129.88937782,3420592117904.133,23558.658002098542,62.5666365319466,350.351252308527,8657966713.28141,106181237.60179228,214042.4703059829,409718.4489833298,37813691.63189349,12.805438588779305,712307.8666185844,9387213.867328508,7536238.369415333,323825633.5718689
SPS,2050,Silver,Solar PV,322850834.6680607,347150474.0013152,4879965559.107916,3730905.063540868,2127950994913.177,15393.503479298612,39.22287093930606,216.0002709031157,4631248013.562163,73610307.34627226,149883.37434613923,253716.56977732485,23791572.295396563,7.0917902218469395,392715.5199501588,5754662.362852394,4504142.993219895,178228090.9310913
SPS,2022,Tellurium,Solar PV,2808992.5481298766,3021179.6494545406,40568849.680961475,58490.028056373056,4072097354.3489804,145.0733241703618,0.09585638728094155,6.719799144072235,72293323.51862861,167016.5129130591,1285.2781537875087,509.77481059253483,97532.14437661931,0.02559818917990662,5140.443941600415,9132.276175261812,59763.589774542845,2448988.5729863644
SPS,2030,Tellurium,Solar PV,1743152.394319949,1882806.6939398393,26547660.671115696,48852.4782175556,3470894068.606184,126.98160190508754,0.08435485640586945,5.900196587651112,51624362.79140764,146632.1811150821,1258.98147633908,411.49543567704416,85545.20239152972,0.020113898371239346,4048.505046565101,6758.085113881578,49893.8986471871,1848620.2506057024
SPS,2040,Tellurium,Solar PV,958127.9616215649,1042017.5003011351,15881237.810824389,45743.82201696941,3269926719.6232586,123.90381123058751,0.08261844325110199,5.756394694491763,36573121.816949114,144804.93626932634,1372.0393700309048,370.8640534384611,83864.28371207877,0.017751864819116323,3626.4041889560413,5495.613076039181,46694.15784718786,1525372.8493732214
SPS,2050,Tellurium,Solar PV,496521.45835077664,535639.6693631993,9705097.292022081,46826.6161945562,3315525907.016463,129.08486572719744,0.08628975008314377,6.010346121588187,28113188.48904647,153532.73614773818,1496.9436482316576,370.49653078106326,87860.6218125642,0.01538201438585307,3557.7241317147023,5120.984249019863,47784.57892987916,1410711.8143856525
SPS,2022,Terbium,Wind,151474827.39506364,164567787.848002,1915837390.842814,826319.3779301469,116085960440.52097,74657.7321653728,5.86583990444797,40.97588357541092,19035336688.501984,63330838.87397788,451810.36810943513,8498243.044425594,6746615790.289708,5.682183184165744,122561.48304615109,349428.31473525654,898016.160020179,113180083.01322937
SPS,2030,Terbium,Wind,255695269.58532634,278194998.7928164,3256524198.911062,1438230.909411956,212326455538.75287,139433.31213319226,10.964395374020373,75.77432072909711,35340079922.4203,118292597.53636956,848110.8059336557,15868023.232027266,12598473108.227102,10.487108804312365,205905.2832705673,601176.9396403184,1568979.1009129598,199961432.21751404
SPS,2040,Terbium,Wind,191057922.42078128,208094551.5196957,2432068750.440756,1127703.6894292117,173598776686.28433,116782.79230686126,9.199693471171955,62.67230818295607,29379146986.56771,99282943.97802074,713906.1956770717,13283056.346591828,10546872162.674612,8.765765818990486,159111.178841095,468719.96768764226,1235074.1437212974,159439014.66329193
SPS,2050,Terbium,Wind,270994825.0276393,294915007.17193747,3458860621.9529705,1688997.2177082312,263549232771.29486,181169.9782687013,14.262426043950125,95.65546730522863,45347388991.92682,154654565.37207648,1109763.6637294225,20598969.860207494,16356452970.2646,13.500827560487448,233816.58182322895,694118.0532137398,1853538.8302961672,240487593.82785034
SPS,2022,Terbium,EV,56788300.6960491,61696885.09907824,718252344.0159494,309789.25087323517,43520923848.90079,27989.37497670624,2.1991184017650807,15.361963685872219,7136396471.328227,23742893.67518826,169384.86402677296,3186013.0801553554,2529323536.909803,2.130265027012359,45948.61385665034,131001.57003081076,336668.55808412144,42431502.959877014
SPS,2030,Terbium,EV,160745794.9091364,174890510.46278653,2047251683.004302,904160.5312888527,133481487284.32732,87656.36780067366,6.892894236773586,47.6364050029246,22216950859.10136,74366012.53393519,533174.6883386946,9975616.72613457,7920176144.469299,6.592842502646498,129444.74291212195,377936.8511597634,986356.8973375699,125708072.0542984
SPS,2040,Terbium,EV,222104259.28199768,241909289.28930208,2827272596.160063,1310952.1419301012,201808054958.58502,135759.64426679714,10.694615947596546,72.85636947213428,34153169871.79026,115416123.30007677,829913.8019436041,15441512.989779063,12260707118.303045,10.190176359075167,184966.26610518276,544885.5504911488,1435769.9716079235,185347374.2607727
SPS,2050,Terbium,EV,246508894.22129107,268267751.23769885,3146332802.097728,1536386.6687772588,239736053766.69226,164800.23559327607,12.973734360603071,87.01244929391875,41249993298.147545,140680641.75121123,1009490.1759286721,18737735.238374483,14878553989.62436,12.280950651617381,212689.91771325294,631400.5211697293,1686061.0065374104,218758165.66771698
SPS,2022,Tin,Solar PV,10456501.653634688,11333186.413788004,142622253.80203813,77752.30107982966,40435688801.31434,136.83001374405166,0.09740021377997897,4.391043307450437,106436969.53345808,640702.1147217782,4161.862420640329,3043.0875370040403,225812.93821503388,0.12278383909677493,30738.36254596847,78426.26108466407,90383.88960726839,7381423.285668373
SPS,2030,Tin,Solar PV,11356113.781287553,12317428.161107158,160535495.59846503,97865.64606262102,54692888036.867584,183.30012518836983,0.13257325168867234,5.9064659547275475,125047754.87103207,874117.7689100701,6201.280480741769,4019.908778719741,305157.0529201895,0.15590337528609272,39771.6634637733,102402.27553995787,114825.27160314613,8756211.433607101
SPS,2040,Tin,Solar PV,8988173.326419763,9734346.571524756,131255928.70300162,97679.14875518816,58072318597.50428,200.07851283986702,0.142905287923131,6.239830861358829,108832877.59500295,992824.223428773,7277.543961706827,4195.64572172798,326965.00843210163,0.15541729992152986,41002.27130687615,105559.92266191976,115619.3372060082,8181287.417399883
SPS,2050,Tin,Solar PV,8687805.482367788,9327394.183404032,133559347.08929944,121325.3897951046,75370745826.03163,269.4874362123547,0.18645469182822857,8.044670499733293,126045470.66086748,1417969.6287310105,9901.408940533616,5390.1399426333255,429181.58717502723,0.187438859885918,51995.59312332242,134171.94532638957,144591.10624154104,9902336.082071304
SPS,2022,Vanadium,Battery Storage,0.0,0.0,0.0,0.0,0.0,0.0,0.0,0.0,0.0,0.0,0.0,0.0,0.0,0.0,0.0,0.0,0.0,0.0
SPS,2030,Vanadium,Battery Storage,155695828.84883294,166950859.99322623,2759527665.807639,4192454.2644859278,47263165833.11221,4229.867063332091,12.580592443880757,991.6739649479894,492780454.29195,2831346.452392047,-7567925.334437173,39089.55835388831,115495117.7230519,5.697391721314412,394428.0320195607,362394.4210434528,4223812.449543608,147494318.84324646
SPS,2040,Vanadium,Battery Storage,1726565615.6772556,1869909933.7457988,32766019627.3612,57555512.495326765,583667557181.825,60369.41561348621,181.21388475990992,14200.726016951232,4321648796.1734295,43428868.30687006,-108407173.25755419,539876.7746150455,1658111329.161515,74.72735644676065,5449550.739189788,4466145.334684736,57954410.71255635,1781353410.5393982
SPS,2050,Vanadium,Battery Storage,1460729276.9147158,1590156252.9346292,28954688462.674294,59638002.326397344,572927514622.6792,64502.48486062144,191.9023549203801,14983.934450076731,3172916815.140155,50740801.052325346,-114361734.24261801,557770.8903437515,1751780751.911961,67.02947546394059,5659907.58250138,4294397.891452297,60034732.66136775,1638967301.625763
SPS,2022,Zinc,Solar PV,12305298.548737705,13031360.645075653,204606872.401638,90032.23194718492,10799344610.667467,187.26616639891944,6.450075779524542,17.470972379910123,356056160.5176386,810803.4318807191,5481.342507434128,3386.2604697128963,2625061.030840252,0.26494262323884904,7561.025850903816,77663.17584483526,95782.20611837947,21747390.72906494
SPS,2030,Zinc,Solar PV,12477793.319952931,13307511.331595026,211264257.69359633,106753.12334478302,14313805548.608929,262.04285185833504,8.812599668466003,23.733575512378003,357859503.3087583,1103676.7213591055,8286.574954102283,4352.99840500021,3584233.0482927472,0.31587032866814574,8652.426362771213,96923.92305178245,114041.96077610055,27714921.806892395
SPS,2040,Zinc,Solar PV,9623689.307496276,10346076.282549294,155051426.93168157,103088.14604628042,14911492355.64016,294.3004371845989,9.45932170893868,25.32848298725476,223525743.9889018,1206321.1235756897,9743.81817670557,4480.305282050085,3848408.203843075,0.27433703620553196,8233.537008385738,97587.22210691487,110509.46710221127,27657963.63393593
SPS,2050,Zinc,Solar PV,10241636.77007605,11019975.530612735,149078750.8525883,129919.4600861495,19094017596.813583,401.5332312408232,12.37759480282494,32.932216518986905,147986560.6963224,1653679.313992802,13097.636884634967,5771.8819011357355,5037443.768693858,0.295961181074865,10171.40741015094,124648.1733629774,139422.74430534206,34411428.58579922
SPS,2022,Zinc,Wind,1139308193.0739875,1206531957.8418205,18943895197.92212,8335796.087506363,999876739766.3025,17338.374751235624,597.1918643383295,1617.5813934593937,32966099868.728977,75069693.69783983,507499.9524009965,313523.01463845937,243045995.82936135,24.530189182732226,700051.1743668835,7190584.7866847,8868167.785540273,2013521276.0162964
SPS,2030,Zinc,Wind,1205064664.4055047,1285196129.2897506,20403214356.12399,10309869.17791052,1382380749344.3188,25307.24569941098,851.0921915206158,2292.1114716840357,34560906019.295746,106589505.35027759,800290.4367848564,420398.4172178182,346153561.3500862,30.505728204638427,835623.1750106894,9360597.007043699,11013801.372317959,2676616937.776245
SPS,2040,Zinc,Wind,783546367.1705065,842362032.5466924,12624054914.396343,8393282.425481794,1214071370243.801,23961.500734760055,770.1638035179126,2062.207142861996,18199131234.95822,98216858.81759648,793327.0797489904,364779.74458616716,313331631.0577067,22.336110532135546,670362.2494191846,7945405.438699434,8997515.268748164,2251869967.5631714
SPS,2050,Zinc,Wind,868320691.7430158,934310890.9789722,12639401979.449732,11015012.344755014,1618855554051.774,34043.34882560479,1049.414456164503,2792.104979933311,12546802394.706116,140204539.38015243,1110462.0653111325,489359.7183310338,427091563.1990641,25.092592448784835,862366.408481476,10568094.782982647,11820733.003697937,2917517594.5305176
SPS,2022,Zirconium,Hydrogen,782402.8653745804,836944.9562214289,10473252.488818232,3071.3928225506447,222175183.61614767,67.4719720913209,0.009430310572528779,0.09541826557731738,7749930.774524108,172431.89298388074,1941.1991806865135,107.24040799856358,293960.4510033096,0.0648336615146076,556.6777034264401,2253.3118031308727,3224.3284892340494,1103456.4632880688
SPS,2030,Zirconium,Hydrogen,1874529.0193881004,2008564.3318288024,26005152.350796558,7338.779795138479,575711303.3222384,201.7645200371961,0.028268401598914677,0.26749678787466535,19614385.673878,519404.0892014632,5902.7458267304355,296.1049946743966,880940.0463038966,0.1936984737100584,1330.5773554298612,5874.664728458113,7740.452492889223,3117057.4263757467
SPS,2040,Zirconium,Hydrogen,1003819.7456012361,1074252.6080063866,14293384.847993312,4254.052136512238,351626025.38553846,145.3633527872456,0.020532008785448894,0.18110937679315098,11271112.302856825,380455.4415700581,4311.510321073397,198.4262995855662,632380.027521999,0.13858933919238753,789.2514166080564,3698.435977842175,4510.960407403515,2110478.6924344897
SPS,2050,Zirconium,Hydrogen,1139447.585075695,1209818.4946508883,16690677.853813868,5524.890877967974,460081561.91032887,219.462021626046,0.0309149648106827,0.2566750036521298,14194506.468978127,586320.5272626738,6537.415695607221,286.2445678365774,950610.6833116877,0.20523147178475454,1018.319862212883,5094.420404018037,5885.727697146935,3062453.6894108653
