Scenario,Year,Metal,Technology,"Climate change, long term","Climate change, short term",Fossil and nuclear energy use,Freshwater acidification,Freshwater ecotoxicity,Freshwater eutrophication,Human toxicity cancer,Human toxicity non-cancer,Ionizing radiations,"Land occupation, biodiversity","Land transformation, biodiversity",Marine eutrophication,Mineral resources use,Ozone layer depletion,Particulate matter formation,Photochemical ozone formation,Terrestrial acidification,Water scarcity
NZE,2022,Aluminium,Rest of the economy,1063195243174.1265,1139114716029.8145,10796542316777.043,3585226399.630796,315485102541709.25,6777391.606538277,9271.109620561312,93256.21705908756,3625553065254.0234,12528107281.905403,61594232.344065756,74527487.34107764,5804655789.020908,8402.29204081833,995779114.7864585,1907964084.7482026,5961026396.71213,127904227749.09029
NZE,2030,Aluminium,Rest of the economy,842788256867.7133,895436758265.5338,8504878846044.3125,3701629510.9485135,288944114677575.8,6751091.68320646,10196.322758882812,103311.10128635335,4684366510124.332,14454418345.766258,87584501.18180378,64923939.193736196,6355465580.624609,7736.223728048075,807437474.6021764,1665456700.4864676,5620095223.479361,126298611156.49924
NZE,2035,Aluminium,Rest of the economy,798364281501.1644,844873741013.1583,7882452885145.604,3946468616.1371965,297430581610404.75,7384363.514969274,11073.073245950096,113741.79387136326,5034869636342.099,17886899245.82545,103530447.29848842,65501589.243497364,6978159961.487198,7720.044718502108,793114575.8771614,1673538040.5300357,5832517520.948467,130953821292.17734
NZE,2040,Aluminium,Rest of the economy,782017335364.6554,823510783635.7859,7738236754329.516,4250157666.9296675,305061497786526.3,7988886.31668647,11908.462737476846,124614.43957692233,5305590636129.47,21787238469.13318,113995194.56687307,67232545.08914694,7612937514.360079,8918.931365401195,800233638.7822247,1713672266.525846,6107850064.369476,134592581985.97552
NZE,2045,Aluminium,Rest of the economy,758028683264.3325,794111833737.5815,7549925435297.141,4486205864.842898,310401716943761.75,8302902.544995489,12688.099918423797,134981.43182043132,5666144598847.407,24167754012.128147,122289250.06362084,68127617.39737749,8290502899.240649,9623.588271926992,801123046.8442132,1735878881.4090464,6323824461.692677,142355642673.22632
NZE,2050,Aluminium,Rest of the economy,735775797813.4878,765947653658.6971,7403517986090.908,4745522407.373536,316015034668200.8,8547524.766238913,13557.794745607905,144903.82866587353,6079657383775.037,25424623498.922367,132115056.16674435,69075226.21142244,8963480161.048075,10219.838766330005,802675986.5347731,1765717836.988467,6570957474.491741,148812030747.37936
NZE,2022,Arsenic,Rest of the economy,321745900.8352029,344501246.27961385,4988535124.21018,2082959.3445710975,170874485197.09286,18224.8512301492,69.23192837272336,212.57208795468335,6073286364.874897,12539194.871486686,73052.7869809561,57601.96599401239,34396746.7549529,23.723902125004688,294973.52812317864,1185056.5493088383,2262818.7730736407,266129239.58825758
NZE,2030,Arsenic,Rest of the economy,199158619.42882478,213797010.70886606,3626851265.168831,2020677.6542349388,177843362985.72443,22191.444972687757,83.94153428068705,253.5440061119241,5941218042.482459,16620104.757164126,96086.55957118473,59469.57917444169,41501678.842415996,26.942698610413554,201547.12178354576,1135506.6501733186,2054262.5926274047,304635532.49474245
NZE,2035,Arsenic,Rest of the economy,168865071.9985555,181903230.03818396,3171999701.066824,2155945.0249630674,195205560357.43478,25522.353251149965,94.61408304632604,286.3098646641152,5316025432.647721,23338761.154622555,108213.52278915893,64972.14708371616,46872254.25793517,29.763449519157607,185632.7742609271,1200892.8687927357,2155984.738123403,334057238.38559324
NZE,2040,Arsenic,Rest of the economy,168911702.15821174,182058467.94605684,3108874571.539469,2383431.4253039705,218290461768.4232,29164.95978335909,105.64412884819941,321.6347427198839,4773373362.779303,32507475.651393883,115671.15099952088,72723.84050714088,52564373.946677625,35.27944690779331,206045.1994316681,1320834.018069747,2379087.0541819213,367553720.05505806
NZE,2045,Arsenic,Rest of the economy,172792205.26227632,186325892.13519692,3102835919.937018,2649558.555193183,244038537481.59344,32944.497121995504,118.00529594021202,359.60357335556375,4414395154.848913,40462998.393280216,124529.68308735552,81589.5587375551,59014424.54943476,39.91534969241127,233647.23302233234,1467069.7487052986,2640160.0937011153,407579558.81549567
NZE,2050,Arsenic,Rest of the economy,183229078.7717364,197641306.96266562,3233598655.1912155,2933939.739431633,271911753168.40515,36730.506667265465,131.1049230407215,398.92802565901525,4272185540.67537,45813398.24979146,135760.41179466475,90838.8722527246,65688813.65110561,44.33490442839738,260851.1555562306,1625786.4800167594,2916587.056109566,451195379.2470131
NZE,2022,Boron,Rest of the economy,8747433428.858788,9361747641.710089,134556063077.58734,100337536.78534248,4079710540852.943,349980.1977944678,164.06080873806468,3175.485704001388,60256512655.29457,319406446.392769,1925594.914960765,1515647.6964610277,340957208.4936905,199.70004886348494,11159267.412951149,40471208.85919686,125346227.51813643,4890622089.97365
NZE,2030,Boron,Rest of the economy,7266806478.633849,7741804499.75076,124634271827.34277,116331685.68101873,4372541135254.874,425423.01927361777,195.18944483131781,3790.1023752552837,71932320612.26456,424184851.99600923,2474467.4395415173,1664060.3434778994,404273594.27064157,222.74910744631822,10431590.148758406,43766640.99741481,139830164.69431847,5708989961.45204
NZE,2035,Boron,Rest of the economy,7073461580.125653,7531930682.128115,124168047705.66101,129647089.95346215,4840015519751.992,492466.3763059859,217.81147383228435,4291.770071327533,73302256728.95027,613151342.7648011,2808545.4923807797,1846253.352674793,455837515.3116622,240.76763361590488,10964341.150320657,47900018.54170085,154591749.71640763,6350576498.716019
NZE,2040,Boron,Rest of the economy,7339127869.434729,7812390220.473231,129232147793.54257,144144335.34968975,5428895432409.956,571745.2249628656,242.30041516320318,4840.2682179786125,73822477586.06047,931268483.6195152,3070470.306436998,2072325.8283865151,513295980.40936077,310.46875246873253,12236672.109642982,53109058.67858383,171954138.62817073,7049056774.618838
NZE,2045,Boron,Rest of the economy,7676482402.587129,8168609230.258812,135373118338.03311,160949366.75249353,6144312418686.276,655801.5519709764,271.0061513068401,5439.477139266014,77439819992.135,1253250829.1810453,3418901.873859711,2326968.687606612,581280410.4373237,358.1577247995899,13745457.150811585,59047950.643074125,191911420.40143842,7896193834.031915
NZE,2050,Boron,Rest of the economy,8163868613.119665,8685900192.046785,144661850480.2703,179092390.76182228,6971839161892.488,737315.9938160519,301.94560592809444,6070.309438842905,87157031471.91536,1468633542.1372364,3851022.909053725,2603184.9324233285,650603653.2865865,400.51285018421885,15353771.051545646,65639961.00742094,213489516.93321955,8863201545.365398
NZE,2022,Cadmium,Rest of the economy,119955729.66724779,129040391.33863366,1766694308.828352,815457.370558182,77499045330.61151,1337.943047367825,33.80476188406546,105.70043741644015,2696670644.187409,5017014.218373659,29822.837288272578,22140.668808423878,14469222.249380948,1.7574706923528822,100944.33982399042,496346.85144511843,846627.9101925439,97646325.77206276
NZE,2030,Cadmium,Rest of the economy,56335041.32316697,60606238.21878396,1076258475.289207,737738.8173961181,78957981461.93343,1555.6641323859908,41.00098253632374,125.80861913023165,2668100934.4053884,6399259.101061502,40358.77694722266,22121.45623265982,17520364.32934546,1.3182864279220083,55883.884030156376,472043.25145669666,703128.3416108126,108435600.92867123
NZE,2035,Cadmium,Rest of the economy,41467510.1570978,44752126.829719685,855288693.3905673,761824.7482503224,86281930327.81786,1882.9879961798752,46.226906220936826,141.61731688714727,2380747873.7211604,8516571.422073158,46557.90702118723,24033.290930050545,19762465.90693926,1.210890187298531,50004.68256667729,502733.5255447271,719836.8027665918,116855448.44011652
NZE,2040,Cadmium,Rest of the economy,39866244.79875523,43051911.88776822,805287297.344341,827779.2601609731,95870018725.24332,2276.165264120057,51.61304592213183,158.30275683956623,2157240558.8348827,11397663.118467897,51496.74277821115,26752.82151856571,22084936.663610123,1.5634869928753699,54162.41018006872,554001.2169552334,781163.0809776327,127203922.08932826
NZE,2045,Cadmium,Rest of the economy,40152385.61694879,43393718.80356389,789078634.0075502,914895.8930477144,106862037523.34451,2643.7287463464504,57.653221384948125,176.59030551327112,2023045097.3607602,14072520.099271731,56871.47950207364,29877.77215499796,24714832.02102855,1.7829488862206961,60030.093688052606,615488.2818249789,860692.8467577449,140237199.79833496
NZE,2050,Cadmium,Rest of the economy,42008646.81584244,45424389.67427164,807951715.167132,1013027.3034575599,118858477253.66676,2971.191894538766,64.0545601297803,195.87830955208472,1989556847.299914,15945193.701197539,62799.312940838536,33200.85784485921,27479149.228667818,1.9738184332062993,66420.20742466486,682201.6507747745,950359.4628697862,154866428.47662255
NZE,2022,Chromium,Rest of the economy,63208862221.26208,68564612915.01036,814490751373.2828,319244947.5000807,40753558036052.086,3923296.851913538,14098.420117525417,2568.8884658464503,764861185497.0884,1206777644.627318,7900108.651709166,6021852.092701995,15195080187.29225,433.5839300639636,129681947.2368395,115611390.37256609,370733132.42287457,9130386878.503155
NZE,2030,Chromium,Rest of the economy,50744786726.326065,55265850992.61992,667523600549.3384,235294543.87762612,45282169449890.766,4744943.337704883,17100.793445444462,2393.184396765162,892677280015.9141,1565121370.3556752,10192447.347965395,6111126.546384746,18430051671.64063,362.85567213570494,122177858.09170589,102002610.72614124,272526279.1428102,9185890423.47109
NZE,2035,Chromium,Rest of the economy,47855903214.24331,52250805330.98285,595095991160.9823,176517495.37698975,50122149946329.93,5391434.0650765095,19282.98077480112,2661.0157425721745,849543069635.8378,2130936901.524216,11608446.14147419,6639050.283349096,20794102690.60611,339.0563977543795,125342362.51751228,102482760.01836354,226320797.51151422,9442164877.080688
NZE,2040,Chromium,Rest of the economy,50107747338.39085,54762892870.215416,587990451265.5028,138179821.61051303,55801334331000.91,6069921.52769682,21533.816696118014,3080.5479335008117,756267493968.2721,2843550761.3698473,12753612.426883692,7404721.121512433,23239615928.220955,505.6537283610493,135765234.13122594,110436843.19450717,207372889.03403395,9849075516.392262
NZE,2045,Chromium,Rest of the economy,54553885323.49935,59641704735.886826,614553287704.9812,137393211.2278211,62356287416113.09,6801041.742144147,24058.488802235795,3527.9438622930425,699143484490.9105,3398036935.4368825,14088670.651328852,8283336.209386573,25986669527.347073,590.9495213283727,150734434.20234683,121938529.85624991,218998543.74251932,10654884651.64825
NZE,2050,Chromium,Rest of the economy,60153584135.37333,65770382071.10663,661845062760.3711,152606488.90262264,69362773106159.664,7559410.9045583755,26732.159372284117,3959.9049328749766,674464792581.1224,3779714573.0274763,15577783.958283138,9206153.059320364,28885325357.495026,644.9524943023125,167409041.74016842,134982934.9202578,243329962.2633139,11658576587.041859
NZE,2022,Cobalt,Rest of the economy,1378833840.7502472,1463975491.4406486,15370302609.656265,5998591.331354336,357179783149.3796,58760.71775206929,36.15255029457091,161.2148522126035,8194215342.304876,29616053.823806614,248020.69457278398,137145.42061263908,96012532.1114293,50.20406766548926,2402701.8810586906,4889242.398035933,9285107.812944844,968440697.0691439
NZE,2030,Cobalt,Rest of the economy,1350040725.9430485,1422806242.9619572,15537827784.976126,6944168.775838636,368269228062.5404,71792.24439967528,43.94936688315684,190.21976658132445,10725897308.656616,39079087.55395744,317278.5438036373,146195.4014719044,117029116.84751388,60.873792733507514,2480241.664050015,4953824.650065815,10163638.487359162,1166223513.6433573
NZE,2035,Cobalt,Rest of the economy,1372732704.2120657,1444628360.9748075,15730023527.131428,7488747.293074787,395442379310.23755,79738.49752717663,47.758416702702625,212.10134347237158,11604715353.410233,56754965.23557519,342866.9973952593,154555.5915500748,128122238.06273592,66.24517031778093,2533246.287560917,4898605.572792842,10790567.001341356,1268605571.4955735
NZE,2040,Cobalt,Rest of the economy,1366926827.7484913,1437566469.6002598,15443346805.381258,7788200.723933817,419953605242.33124,86231.47722627246,49.77398994537496,229.94115232291583,12036677078.496151,91330019.04677382,346023.7287705548,160655.94140450456,134557800.97038972,76.81769308217702,2552378.143878878,4753218.129630265,11141446.457960822,1321883968.905501
NZE,2045,Cobalt,Rest of the economy,1330178338.2037923,1397823243.472726,14640629015.471693,8114897.946680691,454226587503.98645,94344.26120228894,51.91605175731512,248.24171694579564,12480116380.716423,149232934.6748787,356291.74881951243,168631.23640211453,141098851.18674803,80.78190390896255,2613839.366604452,4740747.610568581,11534389.404814858,1384254882.380318
NZE,2050,Cobalt,Rest of the economy,1286365479.4656847,1350764895.0554388,13733326202.720867,8579345.618310763,518608114381.873,102152.47526159642,54.680541400242646,272.59964810013935,13054989137.993824,194144350.91602227,392317.8807676294,178622.21068588394,148462257.2541308,83.1529572662642,2685372.2356608664,4769450.354279705,12092911.22251503,1488022841.7307065
NZE,2022,Copper,Rest of the economy,116560288554.1597,125394291425.32983,1595808022092.0583,8614069487.121414,883946934536870.1,5180425.694017485,13918.630997666134,1110079.1270885763,1792396691416.5662,22033576535.575768,174982640.29621643,69143023.50763439,16502730501.353086,1625.7927350226148,779505854.396279,1305754399.474707,12888066675.094753,191012814944.92334
NZE,2030,Copper,Rest of the economy,81368836349.61818,87580220296.80276,1243369191340.3062,10161120085.690725,1073941263897835.5,6368323.810137773,16996.581663724228,1359116.2580260187,2138733173546.852,27492280913.9095,216787414.2247113,81615495.6416068,20071615147.314476,1549.3677919039924,880044101.0616184,1501305263.9181979,15366521995.006071,225687170329.8043
NZE,2035,Copper,Rest of the economy,71172324951.35118,76775662736.12354,1100271185028.2788,11289903852.352402,1197161918194266.5,7305700.869320464,18954.016593786735,1518793.9618425595,2170166954323.6414,32542690234.669735,242139096.96914566,90553430.50537854,22394968619.17626,1537.6826880490632,965038333.9115591,1649375995.9376528,17086668250.749514,247053540708.6324
NZE,2040,Copper,Rest of the economy,70833712148.94678,76456776318.02151,1073421196086.661,12456513984.307583,1323359698539149.8,8364633.467451693,20949.762255729056,1680833.5998216534,2159264172248.0674,39051568369.11935,266249935.06579047,100260525.06318235,24791045953.843018,2181.8555615518585,1064950867.9869419,1817331632.8136017,18870137032.147034,270047233919.04642
NZE,2045,Copper,Rest of the economy,71657491715.13107,77385823174.22441,1059442775835.9006,13507541763.930006,1433471328855192.0,9261175.675504833,22722.4952620939,1825019.36715472,2166094441067.933,44716499597.194954,287586363.2904352,108806856.26766701,26945431768.182247,2462.2691779475276,1156621648.9450047,1966876014.4655552,20461934181.881527,291116488895.5211
NZE,2050,Copper,Rest of the economy,74319984427.63762,80289946310.9284,1082934602394.7937,14565819458.981941,1543197525175351.8,10087090.7012082,24495.328541709252,1969072.5478858692,2236260555070.0156,49243434553.7332,309536470.84771943,117172099.45388366,29048636447.667805,2635.635758497563,1248052077.6055503,2114428687.4258897,22055194990.466328,312908188538.5421
NZE,2022,Dysprosium,Rest of the economy,22831507.019579988,24809335.369870164,289226978.7262634,109548.92976027355,17689175160.118546,4691.311488787922,0.8957210035920443,6.253799673737079,2910234464.4590807,9903881.726113591,68507.28454446937,1299284.6635821292,1031268236.0174026,0.8667887607462369,19376.02308306805,53006.65852231493,185694.34299293728,12580367.478866043
NZE,2030,Dysprosium,Rest of the economy,21559559.176578887,23447005.84139596,283369001.88247937,121110.54017825332,20351763469.70146,5694.670927403131,1.081232534532369,7.441339126906091,3524899587.3650527,12071669.689395633,83401.42373711213,1577457.058120443,1252296873.8662124,1.0208221875507262,17997.821771685154,55259.63283534266,198663.39529588725,14798562.267753057
NZE,2035,Dysprosium,Rest of the economy,22596964.374133404,24604741.513696153,295277008.84433347,133432.572749447,22770509663.730053,6438.756273916626,1.215843478978064,8.402109076486303,3956311874.317633,13771353.594147893,94035.93753536874,1779057.2038153082,1412384689.022954,1.1283937300723381,19111.933841158996,60077.02686484198,217873.9676068755,16493041.535921242
NZE,2040,Dysprosium,Rest of the economy,24457014.739728473,26641891.844941627,316144878.27774376,148154.91749072596,25451711345.477688,7213.843348006157,1.35608647175686,9.443101732329389,4402009624.781217,15614124.55884077,104858.04338811232,1986726.6523865408,1577252827.7665832,1.3072132978503572,21298.734889362066,66421.4737722163,242286.2502099672,18320969.630682588
NZE,2045,Dysprosium,Rest of the economy,26639655.248702116,29030758.3402166,340536907.640641,164894.4925108023,28414498116.069096,8071.337829757196,1.5136254428241447,10.561445128947392,4905958462.400494,17602234.6853014,117012.65101450859,2219476.3483919934,1762028371.6659968,1.4853086252131031,23890.3853084483,73869.77484833325,270006.8441129938,20428723.541049223
NZE,2050,Dysprosium,Rest of the economy,29232385.633972947,31867828.647432625,371667669.4883201,182655.21585688554,31583929657.000355,8972.567182899806,1.6804886092421243,11.721524544272542,5444597109.465924,19605164.64256416,129953.82781945533,2466090.2261599805,1957804839.609976,1.6723981982216776,26583.126845545245,81972.27685922738,299356.1919504833,22705162.273194168
NZE,2022,Gallium,Rest of the economy,119852877.3400604,132403857.16656259,1799423579.7830286,210625.6884368131,22808439535.79345,15226.511195904914,1.1673785440035394,7.416952202735538,657899166.0905356,1463482.3141534252,10301.163554851491,230123.47411309739,1800723.1968931174,3.74231375847933,62498.42011176494,156296.9596085475,354850.77458536834,30476131.06029955
NZE,2030,Gallium,Rest of the economy,109519640.47056492,121538219.56958124,1795997658.6607513,212754.41246112788,20503723929.761444,18446.73114246758,1.3822329675578724,8.06014502454468,764538478.7248093,1961712.8881709184,13892.219980781172,277631.9668995293,2125949.55661029,4.379089674932283,45627.279130857816,138839.5135615664,316822.36806098593,34385118.08643087
NZE,2035,Gallium,Rest of the economy,114442660.3279737,127291588.9331928,1895494241.3154142,229576.71790162323,21968918152.983734,20867.345515102537,1.5408788185736875,9.13617696014828,756398270.7626724,2865734.9976966735,15538.420936115444,312826.3349706543,2395636.286359912,4.823122770772922,45471.64248494235,145050.8285843042,334639.41590260115,37779285.102036454
NZE,2040,Gallium,Rest of the economy,124172695.32331008,138238958.62006587,2047211651.6522965,252858.03827299213,24593210028.954807,23396.525309747907,1.7111467374243414,10.48224127178401,756662039.2945149,4107915.244861637,16449.68009948246,349346.675252262,2698660.986221472,5.590954832044555,50400.1143112882,158610.64659123906,368859.02072412503,41684395.85149772
NZE,2045,Gallium,Rest of the economy,135946824.60203287,151422904.65033814,2224373746.2302623,280555.7793945575,27251713351.906513,26177.180299349675,1.9040115311403252,11.802292241701814,782209676.2859592,5124849.762830519,17569.471433301722,390315.4544340614,3047121.654152572,6.375904083582664,56730.367829050156,175333.9685569676,409811.82299719786,46348878.031868696
NZE,2050,Gallium,Rest of the economy,149710958.0929097,166824734.53108993,2440988172.107563,309953.22618303844,30176098579.81768,29093.7559397155,2.107280192036332,13.078443185084842,828993445.2904634,5808056.476659963,19045.019111235128,433730.79239066824,3389042.1914458703,7.21691617860495,63234.86571136514,194196.60815624334,453101.04407070304,51452463.227972865
NZE,2022,Graphite,Rest of the economy,6455444253.09764,8006326446.800569,102412421630.69102,12154548.16282268,2465458869438.756,273782.77855161985,280.6227229073791,437.41784346813716,29023614834.102924,160413016.38085493,1006796.2450968255,969970.5616194644,266189907.59063804,60.761754142434626,6488278.177783588,14225345.866100194,27805953.792085454,809742511.6847949
NZE,2030,Graphite,Rest of the economy,3976466043.7930303,5448723731.276507,91597822195.0125,11278319.774096314,2101149562769.5007,320702.9294603611,337.4984211914713,412.248125831571,54358634500.18197,201114002.14775732,1397764.5952437788,968509.8383669935,321819543.809018,72.23929883407148,3940558.409181448,11962172.384341605,21384956.99175792,717644052.9852729
NZE,2035,Graphite,Rest of the economy,3622630608.541236,5206247915.324145,94714287996.68146,11922222.650237925,2252648518943.6685,364480.77095834434,379.6854513205866,469.02869350428034,66317484485.70396,279707539.1872013,1592922.4881359413,1059979.4436079573,365080262.039693,82.08711947172631,3779469.069539047,12427293.426135223,21814450.4974657,741613417.2151864
NZE,2040,Graphite,Rest of the economy,3698559779.5370235,5442867605.255029,101492321312.06326,13037531.94631968,2531652247100.8174,415094.4715219869,423.6624734978334,556.3939431608501,78366109170.91177,415142269.51314014,1748577.4527492574,1185126.3890591303,411794544.1173157,124.89055757371786,4139254.3064111057,13569671.363674948,23879527.354078513,809320353.7915075
NZE,2045,Graphite,Rest of the economy,3932925862.167359,5867488413.892543,110858105360.83316,14588786.374798333,2871890191044.7227,467117.3962470114,473.5048516628571,652.2711733895397,92323769193.35912,504560474.6548613,1939033.860635866,1328980.4337136236,464893935.085132,148.64232334898728,4657405.5499833245,15061894.756653609,26708688.378925476,916374132.0066419
NZE,2050,Graphite,Rest of the economy,4272222008.4796357,6414873018.6269045,122128980149.18274,16285645.712652419,3237367402502.082,519881.056352959,526.0802613455047,743.0817598004091,106573036362.51663,565334564.0025373,2150753.8449876397,1467048.677896383,518819112.98830384,164.05901912973718,5189600.773678507,16418890.595117023,29637995.73163857,1039039944.9561203
NZE,2022,Indium,Rest of the economy,77364435.94008444,82152310.79811633,1272073077.9103122,626177.2935724674,77303289470.19188,1047.0492943143165,39.21745466991914,107.29937167333833,2239091679.1536436,4790465.2411144,30102.420760272493,22032.833224685055,16026322.398395108,1.5856846823779631,61952.40612130717,500300.0276389691,703676.2700860947,104394072.66256315
NZE,2030,Indium,Rest of the economy,46817431.56538524,50282518.696204975,852628574.282618,577278.111719132,88331372842.87242,1335.2451441775595,47.604258641463105,129.1048209726918,1954833654.646979,6163275.803361978,38856.23481692263,24120.927736054673,19422562.550894115,1.1914331243220586,46958.58822118986,532651.6069160062,688662.7216920271,119904440.66617498
NZE,2035,Indium,Rest of the economy,39721650.85917358,42933617.7737756,704092544.0046027,611597.993331825,98260036675.08226,1632.9463913830814,53.6794962932293,145.42010707692123,1580867647.3809817,8108331.698497643,44664.09334666746,26637.169174675346,21898363.29056687,1.0832668427685366,46812.62846913782,582743.9766910418,744730.0847795728,130984710.87030949
NZE,2040,Indium,Rest of the economy,40647458.658062465,43951066.24544083,675608044.6047518,679376.2204054852,109355444242.52603,1981.3203937109256,59.93829676288509,162.43834531650853,1274312250.2492955,10834731.734825421,49657.37108647582,29719.799345851916,24457918.865742378,1.2606093015112665,51843.92977091256,646915.1708433246,826739.0596976432,143646161.1456896
NZE,2045,Indium,Rest of the economy,42032799.05643713,45479898.22335466,660734044.1196932,755047.3319404302,121920105021.24174,2322.0627893061746,66.95614634197415,181.14901841001054,1042709302.4526002,13537386.317765154,55124.122647773795,33218.22452202722,27348463.55029214,1.4095873373821926,57670.28067956114,720632.6022101165,917371.8982900245,158932074.2230144
NZE,2050,Indium,Rest of the economy,44183143.77024777,47836786.55758921,668582489.985345,836201.1478162284,135632275512.24007,2624.941721412931,74.39622865098657,200.9559333035976,912360259.3505203,15471472.25643905,61180.24800927294,36931.183193702964,30404095.076575708,1.5768611569915636,63800.20942108245,799446.4884096173,1014550.6634765267,175869393.33110705
NZE,2022,Iridium,Rest of the economy,450833695.8532965,490262688.4372471,7813913432.852153,1593898933.4825358,112049629799.00848,8347.805601606724,5.114327665158225,89.31034900267761,8682373248.187775,8992619.351446245,62273.51863423702,49313.0754284814,17587733.107857756,7.2576881084130065,71388029.6649319,751173.4156901264,1157242749.44898,138911256.18914294
NZE,2030,Iridium,Rest of the economy,390677113.3730918,425666805.62241894,7159055036.11742,1932485976.9289677,120161280402.72704,10321.061665611389,6.06167272419518,105.8838972199072,9945817374.999628,12260560.760614835,75722.13513191989,56303.75680432599,21033772.578760568,7.818007247148918,86491444.87320606,702582.8331529254,1402786953.9199808,155738045.73607016
NZE,2035,Iridium,Rest of the economy,343080149.2500713,374043912.6100509,6214765646.30541,2177567445.604384,129164634331.0628,12206.612612924773,6.806293900369808,119.54735733487865,9000771428.288824,17744637.73539092,85231.6931334443,62948.91227715744,23805987.935007975,8.101004784742372,97442541.14418608,678383.2582419122,1580631925.58592,168089330.53779018
NZE,2040,Iridium,Rest of the economy,328624241.4456415,358903697.1603323,5722761009.982821,2430391295.724392,141466769580.89914,14312.131485781214,7.619141824101409,134.29094538033536,7383072006.214081,25895055.247411877,93213.4680426552,70413.59203276425,26795273.429842472,10.107874405079773,108749306.67548518,694396.0185624904,1764133415.0901554,182341173.1479064
NZE,2045,Iridium,Rest of the economy,343302123.1554752,375237161.25253254,5739831368.223869,2714690867.074087,156873897175.02618,16369.701161254154,8.547117628323026,150.3123631190986,6294601324.060274,33251369.79203908,102972.1300533206,78716.77623706647,30224274.044308074,11.49841610294323,121467306.70380135,738823.539183309,1970481615.9719772,201863134.0307164
NZE,2050,Iridium,Rest of the economy,374830411.80501944,409846029.9750699,6087443575.306694,3016303287.9906144,174039588225.66858,18390.04603801866,9.51335487883847,166.83891095519468,5632312668.050802,39172674.80633501,114267.29704347759,87588.62213865688,33713024.27386333,12.714196294893053,134959413.6083714,813038.3730089794,2189401832.0273128,224009483.79283407
NZE,2022,Lanthanum,Rest of the economy,1112778897.660763,1206851513.2599065,13731865781.49301,4458835.547431876,768426933360.0034,174100.8171802713,32.45000451840842,258.5936377355532,92059661436.91307,323781977.919225,2200776.8967129653,40746754.087015525,32338742005.344116,34.92749755205452,928264.2770320198,3428783.189249834,8285308.005918466,463780452.19876033
NZE,2030,Lanthanum,Rest of the economy,1079146683.106647,1169736766.559558,13783087028.359653,4950116.378459632,881544403939.8124,211425.5303112999,39.109897090828696,307.4664917390916,111687980319.52463,397882052.98193914,2681879.5793354586,49466615.83542312,39269595275.93422,41.20031835603488,873792.0154346388,3769429.291738243,8966917.401943862,543020168.7705827
NZE,2035,Lanthanum,Rest of the economy,1133360464.7244818,1229532252.1813293,14401654011.714592,5456745.716087885,986070098788.6138,239727.27540818145,43.951461005051385,347.3472508650558,125348465310.13113,465633975.1731391,3022811.990816952,55788107.276988566,44289628569.51753,45.532252054693686,931645.3063512641,4153316.2047832957,9859936.295076614,604711003.6386834
NZE,2040,Lanthanum,Rest of the economy,1204132386.4389758,1307348314.7292063,15116863422.286762,6048874.862893074,1102383607907.014,270322.8688841982,49.042092279793685,391.07290376617686,139510623477.1816,557209985.4754618,3367510.8394333124,62301082.687124155,49459690871.875336,52.70177705103272,1036339.5722882433,4602816.107422861,10953180.878085712,671892713.039032
NZE,2045,Lanthanum,Rest of the economy,1296086834.6795452,1408047592.168314,16156652523.909248,6754041.848544143,1238338598148.0295,303331.3847152956,54.84476934089749,439.58617429898925,156073252353.46936,640698050.4308368,3760681.507414446,69600860.8972599,55254226505.75487,59.79511560132653,1163714.0056487818,5131720.365971414,12239182.575166572,752024666.8184671
NZE,2050,Lanthanum,Rest of the economy,1406772530.8029113,1529096443.2930405,17543006284.308994,7501869.060662458,1387492605821.113,337652.0983944617,61.02644693257555,490.6833347501848,174105735134.54056,717782885.5121527,4182720.0949613783,77325775.66695423,61393742751.00336,67.18509633589976,1289483.6381748074,5484291.573602692,13464085.099411584,840024787.4793999
NZE,2022,Lead,Rest of the economy,13437131667124.867,14480570432942.275,173390308935393.78,265537945032.0717,1.532163615224903e+16,638674599.1591772,5697395.846426553,72826582.33460715,135934646928219.9,852195139229.4291,4400635623.205214,3361812727.962857,2544543005301.2915,440702.3078514445,27972208550.852356,45248084438.70626,307010740386.8279,7590423521542.919
NZE,2030,Lead,Rest of the economy,11406641795037.105,12309642672062.611,150492440354274.7,310995181173.0733,1.781293301413157e+16,780491310.3370017,6914927.407404683,88345288.26092352,135950214907562.5,1116402441967.3723,5577196255.576969,3819946227.0189505,3082841591385.1157,493822.219018857,30080226533.330673,46895827730.53124,356878282539.3094,8425682611310.338
NZE,2035,Lead,Rest of the economy,11383551291571.9,12301683768264.492,146750125803253.8,348140100867.27594,1.9973712648231068e+16,902023084.5802484,7797418.692426344,99669202.1283903,124980230659545.86,1489696945466.6858,6285756234.227302,4265733376.149853,3481633261975.5396,544381.2832200441,33106935638.05349,50810301735.105705,399170242409.8209,9058465004042.82
NZE,2040,Lead,Rest of the economy,12006970197968.078,12981328290503.055,150766993420285.94,388389984369.7523,2.2364164045447012e+16,1038236542.3165336,8707942.657063192,111386539.3978008,117725191717911.5,1997809990069.4385,6859519778.883396,4781032318.050381,3899896881630.726,700319.3334321777,37061221247.081726,56162133690.463745,445309386742.5653,9883306693246.572
NZE,2045,Lead,Rest of the economy,12828680122807.684,13874516288560.467,156982886085651.84,433572843744.6165,2.5045160884714344e+16,1180985069.3477604,9728576.243166044,124450022.12896888,115119449621972.3,2486666286815.788,7533915282.600521,5362910761.678608,4370354007681.524,804146.7574122167,41594635326.826485,62521948402.64306,496976827630.45013,10930084078440.18
NZE,2050,Lead,Rest of the economy,13871625633770.889,15006573140750.004,167334355114052.4,481495110113.07776,2.7915053128741812e+16,1321635748.4170613,10809754.713071845,138256633.3909225,119791449178846.45,2852117817448.8115,8328448825.342362,5973719696.314382,4862753555074.821,891459.0860079818,46303678209.55336,69385631686.18866,551725108374.0757,12111050787108.705
NZE,2022,Lithium,Rest of the economy,378863596.3355023,406210276.54832083,5453198650.606588,732970.1200369659,66684081412.54067,9679.44643020023,1.932670004423447,20.370996572283527,1033213465.7282441,5635524.609751176,27224.542855187028,36202.91992672838,17732875.82408505,8.341242563344535,177391.26479371218,596327.4777381727,1177976.0321409383,305711550.5786422
NZE,2030,Lithium,Rest of the economy,371154830.0507461,395763920.29696494,5754118513.579937,787087.2466192914,62265858902.10555,11626.661202262616,2.245672221118866,22.468326463581604,1443529144.4336913,7580114.379058892,36940.15276736326,39257.933990679696,21289891.247303333,9.811684920727721,139649.59762290458,593068.6222666927,1145999.7371982483,358181986.17878586
NZE,2035,Lithium,Rest of the economy,384273015.3968041,409423639.9625898,6033968620.197964,837459.1718559323,65446889285.82779,12939.774816765455,2.399160118779466,24.732382068763084,1535489564.8350983,10889638.111404093,39609.2266902604,42256.4776280223,23264708.753885437,10.626365956461589,139201.82635746093,620900.4687703055,1200356.7146973289,385838916.2133641
NZE,2040,Lithium,Rest of the economy,401898197.25445884,428157632.6769882,6319233981.552059,890982.9035079157,70353652621.12306,14213.370829819334,2.5378528276508865,27.235986737916505,1618641287.0353358,15695659.55320327,39261.97311926565,45364.72379700836,24967091.84588503,12.023592577572833,149105.1883668641,656999.3355314133,1277249.1506449077,410476254.97442746
NZE,2045,Lithium,Rest of the economy,384782394.98546183,409901255.0026722,6042883674.775053,869025.2503863615,69441526588.81702,14096.232310973566,2.47021271616055,26.9827092204928,1583024859.9061987,18278585.62501366,36180.76850907235,44454.31545091634,24455352.71412849,11.83418549489124,147041.5364621312,638701.554303406,1245937.2864131932,399574547.7904194
NZE,2050,Lithium,Rest of the economy,348376474.4162977,371123445.6957097,5471824600.011258,798778.7909621224,64834818560.11831,13017.351110175532,2.2632355897876852,24.986464386500046,1494476090.9545147,17697826.2317495,32475.303751679006,40887.78415835378,22458137.88564956,10.824617366983714,135647.8215024089,585024.3591779959,1144940.5817679842,366375176.3791691
NZE,2022,Magnesium,Rest of the economy,19620465825.475273,21884165940.23933,208747309065.2127,22028756.99369258,6407283142161.404,144687.20071737454,1501.9157338811194,645.1570048672125,77745896872.23262,196441222.33382532,1030337.7349385256,1573178.713719792,238010811.0583097,214.0563448883861,68459914.6031646,35573084.71318227,58527782.53030606,1568218464.5086083
NZE,2030,Magnesium,Rest of the economy,18396670934.65646,20647101851.400867,199042486025.36212,19324921.221467167,6665454652414.08,164869.23203807021,1820.884489358512,625.024208967706,105254295358.51085,252076939.3291365,1448061.6177457848,1622434.216145568,284389997.9259894,245.78788718070288,76563169.6609947,35163113.78525903,51573732.273363754,1530635377.8008575
NZE,2035,Magnesium,Rest of the economy,19277185857.10176,21705071758.839523,206238026021.0786,19262600.87651028,7332952103393.03,191830.63869136764,2052.2995775591485,705.9241819400606,112268754775.26038,357981164.9064061,1645750.4206720581,1777613.2679049731,322299021.0981334,261.74420870020595,84747586.45409761,37727399.45701184,53361534.45035096,1597500057.8207932
NZE,2040,Magnesium,Rest of the economy,21003379712.17503,23673418842.391693,221522785574.05914,20286954.218534287,8191590110490.304,224893.44882501062,2291.582261415772,826.3352736285296,116518304620.0134,511278781.8728765,1768909.307810677,1983312.6408485766,364486952.9264373,319.1942919482267,94315933.6489033,41607578.43528997,58242656.54877849,1713626905.337764
NZE,2045,Magnesium,Rest of the economy,23130284652.7779,26086245054.74875,241266743050.9432,22358859.381123617,9130692529490.275,255397.87549005437,2559.0671212950338,948.0434151418555,123763587642.30655,628104230.6640943,1912841.8944378817,2221384.876811737,411808177.73512983,377.15980518017386,105355713.59802005,46263099.99667646,64840328.207779385,1884896498.4468591
NZE,2050,Magnesium,Rest of the economy,25544801021.398,28820881621.40354,264933223255.59625,24851259.07500258,10127134714718.73,283631.2844963473,2843.4735747863087,1062.1586842602437,133242957458.80501,705744660.6244528,2086276.7967499583,2474521.2657490177,458476039.524677,440.25475222939275,117100602.42439887,51337423.122927554,72100619.1352075,2086441964.2890358
NZE,2022,Manganese,Rest of the economy,9826630189.792732,10500103086.646284,143037806814.40924,299691212.85988486,4602229624619.381,89231.83630865962,240.43082229395108,1727.7007065577602,110717716589.1882,444608864.6530571,3076417.6595978183,1057103.1096625996,7040025721.941878,197.23975393150303,32052022.680887718,28270383.759780623,393853354.28356373,4059155696.2832184
NZE,2030,Manganese,Rest of the economy,6963649450.28429,7400611483.798319,115654252624.37817,354374861.19820964,4741904923541.102,109548.4082488273,286.7853776608716,1994.5485412687658,124404258772.75438,584725405.7832472,3907561.7376032034,991291.92041145,8537665956.73618,204.5943481862385,33897189.548717625,25620093.87188078,458663945.6502859,4630384815.2247095
NZE,2035,Manganese,Rest of the economy,6259396159.80643,6648043152.649641,106971216767.4102,396882522.1021903,5223416615302.525,140120.22669408747,321.11148701663484,2287.455781778255,123171085666.20346,817101020.5558568,4413041.228735432,1061166.6002500283,9632619458.709845,220.04117719543618,36663938.34715766,26396430.065015975,512010354.9250401,5118575079.821912
NZE,2040,Manganese,Rest of the economy,6290568225.423625,6676354725.729249,106671235096.52043,442254749.5867047,5895596414981.523,181348.56288854178,358.3682772899351,2650.116905224527,120343877680.56117,1149841441.54344,4840988.853207922,1196169.7054916336,10767788682.02908,343.52835061348173,40907521.252748765,28725912.159043185,570728441.974303,5671573658.337576
NZE,2045,Manganese,Rest of the economy,6546812795.974718,6942658524.309832,109364485543.20853,493764855.383044,6661180712362.117,216669.7346085377,400.50275389102774,3007.799391660519,120372000433.00116,1435699200.3805554,5346041.500675783,1355503.549698787,12042432787.064049,408.4851549347778,45890069.2918405,31881679.406825107,637250330.187659,6328545117.473345
NZE,2050,Manganese,Rest of the economy,6994910576.841035,7414742527.787781,115729977687.18118,548489033.597427,7473468876645.623,246233.1490102372,444.6328931813572,3348.7935208209565,124110735380.11327,1632378849.002172,5923114.392009329,1517803.036951057,13385884738.441006,451.9272204626713,51086653.85155511,35347919.94925073,707758561.723782,7037836724.394463
NZE,2022,Molybdenum,Rest of the economy,647021442.4121505,699216948.2879783,8428233447.48325,7042052.032455271,8767760268446.567,18377.56445692599,19.479265174044095,133.11775376118638,7331378618.184806,259217986.25443587,2091783.7469706172,743233.744418643,86285709.71583799,8.41735227064725,1517106.1726279757,11445503.874101512,13001420.187419778,1367457830.2556033
NZE,2030,Molybdenum,Rest of the economy,426806690.5732087,461928032.3182187,6053381977.28495,7950223.108591376,10581727805858.98,22203.463182025625,23.273384950915293,153.51028019713962,8337901128.304084,315894178.42027295,2554321.9040621184,885054.1697756075,103862622.29758644,8.2247131749324,1494053.9010130572,13371633.632597037,14555645.40833325,1613251358.9196765
NZE,2035,Molybdenum,Rest of the economy,378455007.081446,410714347.59565973,5301870258.579469,8763827.149928618,11920970024237.848,25723.369433953787,26.014388508139376,172.5764764614143,8116496392.472454,361510177.89370483,2880808.5732015786,994819.2645930257,116904590.2879777,8.55139158192447,1588891.3591779186,14943770.365738178,16075358.843604688,1792228520.3141067
NZE,2040,Molybdenum,Rest of the economy,391158538.8718279,424778775.8693984,5320193453.815514,9690897.158181977,13310097850304.236,29571.241200194367,28.901130827284515,193.98793474265065,7724959811.335839,410535469.50732785,3207670.5993740004,1110897.4363569694,130552049.50837845,11.67711129746065,1760112.3173031518,16654720.432436556,17842543.608999245,1984444553.746384
NZE,2045,Molybdenum,Rest of the economy,413821929.5561082,449619881.3138855,5474122010.287452,10766246.558762416,14866177852569.695,33396.29428717831,32.14229073879644,214.49589767443612,7631772411.071171,462566393.70355725,3574539.1544443322,1241022.7810958256,146053094.48764318,13.580953795573157,1964176.6437336009,18586457.21205588,19855909.449858543,2206663953.351886
NZE,2050,Molybdenum,Rest of the economy,446879747.17647827,485640046.30621445,5817186210.988452,11920087.572817069,16515403331265.412,37235.723526828355,35.5794689311379,234.96138496211495,7777960235.888765,514498123.25895023,3966006.966517954,1378757.469834684,162245259.4087948,15.102890033324323,2178959.8597985087,20638728.598737545,21997078.56859,2445024852.8724675
NZE,2022,Neodymium,Rest of the economy,1111063168.4950142,1206071174.6879594,14262046182.869085,5209201.95507863,852424906344.3302,215805.28364637628,40.93913644616772,302.73283421460496,128993607889.96011,439509779.6513908,3040222.230145217,57501183.22309735,45660603322.30958,40.86647258360889,946730.6368366217,2984352.394748772,9025203.02887101,576212740.6450976
NZE,2030,Neodymium,Rest of the economy,1055676590.2744998,1146398921.7162068,14107074823.577545,5772663.189955996,981153446184.1361,262022.39517386953,49.40173692717312,360.45182219416404,156270357163.88882,537034034.7869264,3701838.825488595,69811026.51590726,55446838570.31356,48.14820664308905,886508.7256394306,3192485.375577517,9707007.85095227,677238049.1546627
NZE,2035,Neodymium,Rest of the economy,1105024295.788548,1201318207.9693818,14707380101.367683,6362806.928962453,1097909901315.6912,296531.32634632057,55.544732113385336,407.10538486242376,175388411591.0511,617314223.3209646,4173492.377352508,78732867.17894846,62534907873.97097,53.20734311133373,943511.1545131445,3493062.0120871593,10657762.211997526,754710310.2917864
NZE,2040,Neodymium,Rest of the economy,1185615476.3184571,1289721340.3503356,15617501732.407936,7061906.777885826,1227348910107.3386,332915.2217423046,61.96269049442455,457.8042610578631,195160433502.71866,711484577.6433116,4652743.268064421,87923695.40952665,69834680313.97171,61.627482974553146,1051600.2030101633,3866271.7864651345,11848558.301089266,838481033.4520624
NZE,2045,Neodymium,Rest of the economy,1283713878.172677,1397134653.9437807,16759353334.128548,7869150.35401157,1373276771144.8037,372837.5850413032,69.20558657399513,512.9631845158815,217732547278.08005,807056773.8030163,5193363.6959401835,98224587.77488151,78015955747.71512,70.00042335133318,1180551.6491756947,4304900.530468287,13217928.111046236,936091399.9750614
NZE,2050,Neodymium,Rest of the economy,1401494311.6219482,1526021963.372646,18245081444.408684,8725325.346222587,1530845572242.684,414646.72035985754,76.89111112977234,570.513166975595,241989628037.08188,900564282.1053363,5770281.503594716,109135242.61435935,86684318727.86336,78.77691255580697,1311590.4799434585,4694059.178358948,14613290.847984418,1042076677.7203567
NZE,2022,Nickel,Rest of the economy,46633335733.09254,50863022459.57431,778553317685.6934,16329129927.476618,63815309430692.98,11763539.727839544,948.0060473738931,13036.872024998032,1775393032996.0498,1583591901.8120415,13016886.090211015,12768585.033688772,20777908366.63956,898.8479918047738,789254758.5342774,155252561.53641894,12212405389.93818,190420640380.68164
NZE,2030,Nickel,Rest of the economy,49978257245.70553,54598162292.64141,864031753217.7699,19773616760.57675,76473200728814.4,14259549.264737045,1137.4486836032897,15747.662836232135,2139860927968.3667,2156517533.331177,15900018.377811622,15178462.303393804,25092966662.709564,1052.5348011901945,950311388.3956237,177507456.00610816,14772204927.032064,229967782259.72455
NZE,2035,Nickel,Rest of the economy,51402908595.73021,56231627435.79758,896388511980.52,21594951389.704365,83643254277706.73,15632477.305240639,1240.9727886986748,17405.336232189755,2312286332920.879,3002882660.788753,17365822.460795444,16576153.142358648,27411407472.4556,1118.3423682272753,1036384391.4706404,190358802.08641177,16130304824.209866,251048046517.06137
NZE,2040,Nickel,Rest of the economy,52911842359.13571,57931177709.63823,924303161096.8317,23181542645.04664,90228857375694.73,16936880.562674895,1340.544512996197,19093.262382499826,2466684063332.022,4213351020.0744805,18509397.360129796,17917947.328278586,29581782646.26866,1442.3582853113762,1112810865.639242,203260174.03192383,17316129987.601288,270831968035.1347
NZE,2045,Nickel,Rest of the economy,52158347279.73275,57119437674.50239,904126828284.5865,23684968173.607853,92038704825375.66,17321781.127892908,1377.7964636267889,19791.403170885143,2499492113251.2505,4990255975.216881,18837643.327122398,18327306.98013566,30214168013.218613,1537.513209897651,1137370180.5629902,206315744.49724075,17691170937.07565,276449316525.4545
NZE,2050,Nickel,Rest of the economy,51071478324.900795,55936225415.708595,880987267086.2822,23541181161.496098,91758102034428.69,17178288.445098937,1384.8745495812634,19877.73705176686,2473251771475.313,5249532899.217784,18870773.88988153,18245444.56188867,29936214625.497513,1553.9093595927238,1130784936.7267697,205129498.92717728,17584689248.071922,273902178574.88513
NZE,2022,Niobium,Rest of the economy,817901178.2191652,869910336.6997737,10152967090.386505,3271824.070483688,258349486267.693,9250.39450341282,187.71970954668438,87.77957906777593,5737245491.523053,63954898.22986199,505141.2384092147,72691.12633575582,2440589477.4833775,13.041151069951274,722345.6889503263,2300424.5589699796,5335415.310963729,666341883.8399482
NZE,2030,Niobium,Rest of the economy,708241696.2988223,751355762.904236,8463938284.309001,3436994.006402882,274697342087.0313,11656.511882405051,227.79854762133002,103.2863279915112,5513482314.7964525,74197985.79116166,644224.2880489472,76379.33194843814,2963182857.7355895,12.091989572438175,703676.9870352162,2306243.068147583,5682268.725014711,622935347.3397049
NZE,2035,Niobium,Rest of the economy,710249294.691208,752658312.2876346,8254669708.041162,3747666.644405364,303190816849.86865,14149.188741423946,256.8300257425381,117.83691209965104,4962907871.311307,87314558.50359361,738845.3412775577,84528.15164796037,3341977121.247572,12.385693552504238,750664.2042576274,2481456.8909315057,6231238.778589908,570378667.5471392
NZE,2040,Niobium,Rest of the economy,760076596.8386272,804957179.4125532,8739695646.531471,4162775.670082993,339568357251.523,17224.32054341952,286.7548437800486,133.98987786175383,4637612243.15843,110307584.46030697,823339.5487277096,95396.9862706766,3732256550.8924375,15.567274461111966,837134.5761002442,2754549.6313772607,6940595.954229008,556354047.6204706
NZE,2045,Niobium,Rest of the economy,817854421.7527894,865990156.7164664,9310540386.325394,4639038.241045693,380329656150.45386,20486.062884985367,320.33959056248864,150.1584196256676,4571677281.115423,138171467.28977993,915672.003837893,107714.10024577336,4169813828.1402144,17.54037052743363,939515.9875343977,3071693.770657891,7746044.249740442,573795941.6561188
NZE,2050,Niobium,Rest of the economy,887590159.0448778,939796323.926691,10065620449.106941,5145667.957440948,423373223276.3529,23470.76128697703,355.898376196762,166.23111006696868,4692290475.752109,161536111.2761936,1014784.786962845,120434.84166435561,4633211075.135859,19.317551016639957,1046422.7197272674,3410666.0362327923,8596457.827252245,603049909.488936
NZE,2022,PGMs,Rest of the economy,4730372062.731647,5045950260.41664,79954529539.05844,980597262.6856929,68168210977704.555,77541.10411489446,35.048118288331814,444.41893378874556,21794220016.366318,185088417.98011068,21319973.145303592,3905043.7897644117,96549814.66174811,101.42971450449254,52760249.013074525,93773460.02728882,801776991.1281972,2887834839.215273
NZE,2030,PGMs,Rest of the economy,3156895878.169376,3463144015.439061,65401391852.49486,1187942537.3436928,82235385961696.86,83375.6556672611,40.35067539120221,373.51197500138255,19158440077.92544,251397996.7499205,25948433.72618247,4668404.660899505,117591779.98087293,100.34576580097443,62142527.508517966,109238196.06723988,960930020.9439421,3062811909.0881634
NZE,2035,PGMs,Rest of the economy,2609988235.1251054,2903955851.0589314,58556593913.66312,1338472998.3833535,92626383777100.02,101938.89707629838,45.671577286743855,399.49400284584925,16664869059.25697,397930142.1638181,29313541.919958435,5247413.10755406,134797355.80305138,89.43972228681403,69460576.47526133,121403733.63195641,1080263340.2266345,2991767842.3911495
NZE,2040,PGMs,Rest of the economy,2568466037.7317133,2854638520.8352466,56168761857.29622,1493896001.6242797,103450052155782.6,135935.24480891903,51.51086975841298,470.38059420017424,15262425959.188719,714736057.8149154,32734474.89647395,5863657.939537905,152505608.82932764,95.19832037068129,77347865.78534216,134705329.09764063,1205548982.3699124,2912109713.370043
NZE,2045,PGMs,Rest of the economy,2600486472.700256,2882448139.412,54423560224.098434,1668906035.5765216,115669897952423.2,178363.7021590546,59.26699227526869,567.9545050279836,16573995797.654795,1133478341.637921,36598030.352868795,6565812.902802313,175575207.89977223,103.89607902343057,86330731.36028686,150044856.7062027,1346734348.5315635,2959791748.318487
NZE,2050,PGMs,Rest of the economy,2624785996.4723706,2902158891.127809,53128950504.283745,1855125061.4190125,128778665210449.27,216171.42248170043,69.46977786623313,707.1079510754519,25329142263.105602,1438491963.4806721,40798138.26571776,7317429.691114629,202588085.59051472,113.4384083539764,95885332.76725411,166440053.88556305,1497184782.7767267,3217376050.464235
NZE,2022,Praseodymium,Rest of the economy,1396165618.3908672,1513572297.6290145,18216075546.324337,6347822.762007117,1058802497475.0752,251532.38452427508,47.22125937934958,378.2172398927067,142020705540.6893,484735145.7016785,3353107.791337,63154423.05482629,50187002916.35921,49.26492610212744,1195188.2130771838,4390731.343906805,11326649.89446526,667142915.447309
NZE,2030,Praseodymium,Rest of the economy,1336899447.6032472,1449079862.748404,18226840700.993645,7056648.920042014,1219347196176.1118,305498.5141745658,56.955451470119655,450.66072792885666,172107487110.21304,594583015.228082,4083930.1535804523,76672908.76288114,60943247713.03228,58.0754893707018,1130281.4446892987,4811158.367308031,12265031.195482058,783088661.2718642
NZE,2035,Praseodymium,Rest of the economy,1397461131.4008605,1516204405.7270732,19017436257.374104,7782153.8912483975,1364560084776.8213,346178.1839904076,64.02440205809094,509.04280311856456,193143455562.81793,691508909.4454565,4603610.959589547,86471605.65379612,68733941965.12709,64.1435291963639,1206038.089556668,5295214.571414548,13485049.1642108,872407585.3926921
NZE,2040,Praseodymium,Rest of the economy,1483317575.7636607,1610617091.9248598,19997963292.18352,8631658.287984598,1525472307953.4426,389794.31867803424,71.43779019107265,572.6477848592488,214934257283.9611,816961251.9008827,5130391.712434438,96566368.60506158,76757397146.76648,74.06933620419697,1343901.2835677655,5867277.184408111,14985218.287581483,969281940.5507097
NZE,2045,Praseodymium,Rest of the economy,1593955395.9770768,1731832645.3758454,21365865439.214478,9632950.585829217,1711581652347.4258,437112.7269589191,79.8611568277489,642.9872728528833,240196406886.83374,935113101.096883,5728781.44527615,107880518.86604165,85749878499.65813,84.04831234760466,1509788.1481888841,6539659.175445606,16738042.121237943,1083942381.194771
NZE,2050,Praseodymium,Rest of the economy,1728785681.0770009,1879383769.3772316,23189647292.421814,10694686.658373337,1914925947870.41,486426.68966155156,88.82478474073098,716.974238665006,267574723963.3937,1046286055.8941833,6369636.71748082,119857632.95859247,95277759366.55275,94.53383420008858,1673869.943148985,7018304.754047923,18437808.01568616,1209439161.445205
NZE,2022,Selenium,Rest of the economy,179932427.6616186,193163223.19766805,2573499791.750565,15781332.633090688,1122776407982.5212,9119.857475711637,25.011818437021702,2067.19207627337,3246286307.672754,36311346.97723558,291048.917017985,97629.00017576433,23844933.840102486,2.75688545261053,1402767.0314593317,1696528.7737144707,23485863.76163183,336308866.514643
NZE,2030,Selenium,Rest of the economy,121088316.07154392,130238871.07907715,1943387359.1049068,18457513.320200294,1347765385036.093,11110.832882790224,30.27955423169939,2507.9646817278576,3744243954.62577,44867030.71183893,356725.26975517516,113491.74586403799,28738373.26083441,2.6074644468130312,1568961.3056975158,1902863.4387789816,27768370.87888722,397530280.6058108
NZE,2035,Selenium,Rest of the economy,104190996.7021993,112451761.27504972,1703026517.057486,20721186.943902656,1516887185214.2554,12805.057674271915,34.10511332615424,2828.662086720857,3823998630.9034586,53150928.6554016,402533.0747260327,126871.98717978821,32401790.804081045,2.641970829626965,1729480.7965713842,2098984.6658403897,31178498.121737853,441946952.57950985
NZE,2040,Selenium,Rest of the economy,104879153.96717186,113267893.35802747,1677783548.978745,23096082.093941372,1693918951919.3953,14682.85768490055,38.06757316847141,3159.713616956012,3811035128.1528916,63180574.24630511,447529.5050218429,141764.89831983825,36248759.8446426,3.7980395398835145,1925716.493253962,2332455.40105219,34775559.202176504,489303589.95109063
NZE,2045,Selenium,Rest of the economy,108710285.06773198,117448785.33294086,1694784542.674643,25787495.980479024,1892928247031.5266,16647.26423584139,42.51919964286718,3530.2206869706206,3888043973.9562097,73470960.44297855,498424.9124020303,158568.84778606443,40625162.23949281,4.432071562740627,2152125.3485087105,2601355.293831038,38835971.89226731,544328221.7564692
NZE,2050,Selenium,Rest of the economy,115377342.43887593,124690181.27695923,1772196800.8440502,28651398.643333804,2104516122409.2793,18609.2236896125,47.240654221171695,3922.5760922004033,4088272471.27207,82515558.93063812,553391.6229387402,176347.73451913605,45196765.84950789,4.905345564780135,2391784.9041563333,2888813.249340489,43147752.55187492,603813476.0242009
NZE,2022,Silicon,Rest of the economy,31691668929.790924,34616151042.011086,383907271003.0635,146370967.7952579,8487718228401.486,285923.79742885754,2541.20953526326,1137.9007355494518,273532288179.8806,2226861757.9130526,1925028.9835561733,2467916.451341824,131498653.19846284,258.0817042499898,22101809.583856795,64901777.056267634,210756538.75363162,4293549198.650799
NZE,2030,Silicon,Rest of the economy,22478140243.28571,24752847216.057514,287172625885.39966,134169458.1749359,7448331668511.8125,327027.2483980626,3075.7887658810387,834.3736443093549,316382258747.0671,2735049959.171688,2789556.615082789,2237561.1622629813,153282087.29492366,227.74703725862116,12149007.011927705,58003957.2802591,146899531.25326908,3968995927.9695377
NZE,2035,Silicon,Rest of the economy,21394666452.213577,23682847808.856434,264768351268.29813,137006388.60452878,7918115114796.777,385504.2084790253,3466.6872340643313,895.2137561711215,307255884397.6668,3237561099.6114473,3141561.3739086185,2390000.384369333,172955122.2676788,221.14273989666188,10689904.55708652,60829733.34783851,137949330.6008643,3893011787.8041897
NZE,2040,Silicon,Rest of the economy,22961370785.234337,25451473592.5495,276252488018.5398,147824245.9834113,8775383415922.692,447844.4598655181,3870.069686727228,1035.60538521126,299415955761.7754,3785304292.455998,3276556.2901031426,2656709.322472882,195183376.04877657,277.0917344314198,11449449.948808443,66914201.72192702,149389244.52908087,3967173485.4009695
NZE,2045,Silicon,Rest of the economy,25199284372.824524,27949144027.24986,297559481717.9344,163625114.35246173,9797310003426.682,505022.2371899274,4323.187681595722,1181.02465941934,305016749934.41797,4296530512.676066,3450995.031115221,2963078.4027946573,223321744.8922718,314.4845207150203,12680341.168254439,74325788.30793697,165482425.45905745,4219429378.5667095
NZE,2050,Silicon,Rest of the economy,27832766152.37559,30875376333.68818,325188392715.3899,181769333.8127315,10900559677413.174,560340.7277449958,4802.943062994054,1323.6846603400252,318745949285.859,4768993573.269274,3690689.169526025,3289570.2513724505,249591621.2345451,345.1588555992814,14092951.200063752,82423486.72935624,183817615.8490302,4557174285.193108
NZE,2022,Silver,Rest of the economy,5699008233.83909,6179863934.961519,80884569604.71797,37661778.11373292,18359251992592.48,115481.72325534408,328.76321099111544,1913.7777200645971,70193306032.75812,504030433.34308535,1422984.7237258807,2300747.4124412313,199548081.02207702,81.1546039210307,5966448.132511787,52512713.30772345,57334472.03598344,1620523276.5875585
NZE,2030,Silver,Rest of the economy,3558297577.976167,3854442430.3826876,60749515288.165794,39643676.00115703,21640659131266.797,136743.19374577788,396.7200767809745,2225.4254443156924,77800641990.52872,649837934.5156031,1868943.7702030707,2633387.993269438,239482659.28800553,80.29584321313129,4716244.5424720775,59366203.59287732,58475480.337673955,1686965068.6590827
NZE,2035,Silver,Rest of the economy,3072170349.680483,3334237190.3280406,54425308583.247246,42654116.39586274,24285632445057.117,165672.65301355324,446.66894956409215,2501.5182821675435,73974638136.78204,894035198.0345674,2132975.9607448974,2945105.117043557,269580338.28788674,81.8259715417241,4831644.895565006,65966198.13119379,63268390.948720366,1772192616.526297
NZE,2040,Silver,Rest of the economy,2865061091.6493816,3118440593.866661,51172351474.942406,46603530.94191592,27118502506414.543,210023.78127030423,498.8949940482151,2807.0671314106166,71698555466.32437,1343932944.2373617,2354244.893946656,3294547.341014698,302092847.9505736,89.9903427012704,5317763.711359111,73355456.53500706,69635849.54639906,1910687123.8256881
NZE,2045,Silver,Rest of the economy,2596807431.7024426,2839620916.1890564,47415586745.08771,52047299.51007789,30407875120612.406,260645.06094151209,559.1205050603427,3171.379918283323,74804396033.49532,1861701855.4486003,2664811.8627587054,3696758.422410745,342241808.5213437,95.52708152833272,5956841.954522823,81835332.02881515,77814561.12013674,2157299096.197599
NZE,2050,Silver,Rest of the economy,2383813307.780761,2620042579.6993318,45564163570.989334,58612449.868359804,34045339012324.637,304113.3447696751,624.4791460436234,3590.993046697272,89779545057.60304,2222271028.18872,3086513.873020285,4131291.9172164383,386748221.2750629,104.63896048785277,6694764.829904584,91044002.07597251,87439316.76211768,2564450139.1564503
NZE,2022,Tantalum,Rest of the economy,211115342.45714197,224888274.68934116,2790384479.660448,907996.2999553878,82349215250.37929,160531.7940243518,25.322371315969672,62.57655693456222,1105483511.9999936,67922453.67225058,400856.9194791832,42640.01549759654,29106453.1353598,3.627891374335746,367782.4432152355,1181475.1538425703,1611149.2731955838,183711476.62190112
NZE,2030,Tantalum,Rest of the economy,166983937.15394104,178600083.13456035,2389696179.348305,1008073.1092926981,82124331821.71045,194844.60279370775,30.60609037953736,72.960848274454,1198760733.1471977,83400673.69372523,489157.933252622,47989.807069728915,34944815.79665834,3.8270506572188228,354602.02337589307,1221396.1770521048,1592224.8773583476,212466770.95076755
NZE,2035,Tantalum,Rest of the economy,156189283.76532137,167417215.34597546,2259212645.8706875,1102786.3559921123,88482705987.53455,220177.38241455975,34.4224017175784,81.572854762277,1167640533.6128674,98561669.87821937,551175.8724446311,53164.95398317815,39289213.528744236,3.814386342183703,364004.69498439017,1275782.9854641294,1690553.6333548506,230357776.40345088
NZE,2040,Tantalum,Rest of the economy,153460389.98675326,164551963.3930949,2206754860.4671087,1210858.8318395158,98670337480.88406,246898.9856245927,38.39002883376824,91.48063749759075,1171554107.5265732,121603102.67999637,612459.898074549,59281.9139796969,43827572.01993811,4.4347996773868825,386220.95389274776,1354600.469340702,1846764.8197635603,249006542.0989414
NZE,2045,Tantalum,Rest of the economy,144285596.4883077,154971481.14805856,2070693063.972072,1341851.8184573376,113626008910.45274,277284.2782967326,42.90672085924722,101.76528989927621,1275879263.535003,153424745.13549113,683463.9422078237,66677.75853212208,49167013.47231882,4.7823202432429,420766.4515031678,1471466.6840106195,2030163.3103776132,274863010.74239373
NZE,2050,Tantalum,Rest of the economy,129667292.47462292,139622919.227454,1870076366.090562,1516261.845352332,138855084546.04218,309278.2911283765,47.83022395887751,114.72042538706367,1630129368.5871341,181929423.70526576,765869.0227609562,75032.47190177947,54989368.78536242,5.112392875258367,458672.6864767389,1599325.0523865437,2264203.1108800014,313923668.90607834
NZE,2022,Tellurium,Rest of the economy,1574395.3785804505,1693870.1631404564,22974945.97086668,49413.999356491884,2376047243.6961193,134.05499882134558,0.05612505599539735,3.938449549657222,42600144.148501754,92400.93929564893,652.8903601860422,309.446743139511,57095.10730688962,0.014697470057112234,3783.500766848415,5253.536840861251,51855.02731725244,762566.6094674779
NZE,2030,Tellurium,Rest of the economy,614860.6710898645,660185.5741092848,12807083.655174468,54429.48228470546,2651205725.98941,161.28868018767253,0.06726586489583344,4.742204249369674,43021208.963805,116199.4032210194,846.4349346646749,309.7198829693285,68394.51571675732,0.01182201487704223,3422.7324889940724,4465.239082956021,57907.6224261975,812053.7083802479
NZE,2035,Tellurium,Rest of the economy,357360.5947961346,384947.1181757523,9172588.503130935,60055.016618455804,2949009968.7059097,183.48476571159233,0.07564461355018054,5.347310925385946,39540255.91791244,147491.3530514508,969.1274576811345,337.3064937897812,77300.2262745467,0.011192101321375747,3605.0877511060453,4584.767313894539,64200.427895997025,867272.5509197853
NZE,2040,Tellurium,Rest of the economy,316025.7035357276,340781.82472188503,8342574.586135983,66681.52373480177,3290003027.843944,206.8164777003709,0.08439584953694294,5.977923405308434,36635922.36842997,183072.54681012852,1074.4216284964045,376.4222371625144,86948.69313639846,0.01935786028375204,3997.7625079611817,5024.432031686245,71346.2576742347,941902.2820243363
NZE,2045,Tellurium,Rest of the economy,307262.6640241175,331515.69561811694,8050390.022459606,74368.01418375163,3675721065.398704,231.78658486648655,0.09426926793855045,6.681847113336588,35070411.98637225,212085.31761612647,1188.7059530353035,420.924775042385,98032.99928209395,0.023140851542130407,4466.532671795757,5575.098741914774,79591.34694387071,1037920.8387475687
NZE,2050,Tellurium,Rest of the economy,320117.60515469,345457.27091376134,8209111.798670507,82606.06501827136,4084817313.248149,257.60762034112275,0.10468234871755838,7.4252330095935655,34570038.3907161,234077.57617899898,1311.1941491106963,467.8630129368324,109240.012054936,0.025244199642777375,4963.232810924947,6178.382137270959,88405.1372225514,1144244.6938508346
NZE,2022,Tin,Rest of the economy,2251414919.6455855,2440270133.9642215,30923966443.93794,15954796.00922833,8965918922328.41,28781.24945685813,21.503322067905984,972.8834524889465,23864962438.46584,124888612.3852204,798824.076010387,694298.3834281691,49985414.759444155,27.016022257184204,6948808.494911501,17326639.815556087,24677074.899107233,1294846084.5231712
NZE,2030,Tin,Rest of the economy,1378379399.438123,1485921056.0708182,22968057938.30465,17274162.46454918,10613695006991.383,32992.144892964,24.952653889154274,1143.076160024216,28113014730.994293,160485325.27116606,1028820.8203589545,778177.8348981563,59240123.58108241,27.172280920940217,7404905.304546037,19218886.905994743,25560349.58557296,1439140476.0894973
NZE,2035,Tin,Rest of the economy,1194323744.6274948,1286781663.1348782,20740069859.004276,18700540.864480235,11923194557013.691,40466.037522608895,27.676605778443072,1287.9521401013938,27700590800.53473,223824964.86710122,1168722.5089842076,867725.1120077831,66720227.38213006,27.423307368456975,8161952.649785105,21268868.473038323,27758168.081032462,1558635569.5284176
NZE,2040,Tin,Rest of the economy,1154635741.23067,1245041663.08868,20127756382.737232,20447514.7472497,13315118261857.285,51846.81506218274,30.746148920036525,1445.149541094226,27629206243.659653,336553160.83008057,1290038.5921647674,970162.9274404838,75128859.79108863,33.74240875406895,9087560.496360308,23625838.558245525,30578912.540727507,1705379619.8000638
NZE,2045,Tin,Rest of the economy,1123392012.9092488,1212978807.5420663,19712157066.768326,22760776.52894208,14895845116902.318,64176.659713738074,34.608322317098995,1622.8912035168632,29127709365.31422,462966268.00409395,1438716.8354700974,1087728.342251237,85413741.09368677,38.16889695681969,10156763.479122587,26340671.891186435,34083072.734973475,1898734565.5537257
NZE,2050,Tin,Rest of the economy,1125723188.9671857,1217250190.4139628,20057996066.40982,25425480.407257326,16600995121467.268,74635.61732724262,38.96336709067108,1815.9667037702366,33261214125.54155,551803508.070328,1617445.0755710676,1213962.1557100755,96273697.98385654,43.35730680275494,11301766.474383734,29279065.83682435,38028410.18990283,2136510232.8641987
NZE,2022,Titanium,Rest of the economy,12871581764.02271,13857621211.91466,151282659681.14868,48024419.86131195,3956297837584.3555,253391.9261512544,242.63307290452826,981.4735091497636,98048856736.76901,250067105.27519202,1646482.4990959782,1031232.6523959038,1171899595.9685652,382.8624800869444,15987150.934999038,26640279.115270678,63975855.329694696,2349409303.6222463
NZE,2030,Titanium,Rest of the economy,9848917320.780224,10551396990.500906,124045863587.9156,49549116.70527161,3725031094426.1543,303438.2849755616,289.888936398282,1015.9034159628842,138902123534.99796,399251693.4486018,2170028.1955671986,950020.5217739309,1417133209.480999,439.1470496479647,13582561.195443567,23806578.545054596,57491970.12488809,2483250915.356519
NZE,2035,Titanium,Rest of the economy,9467132490.566408,10140908953.110811,117609922395.7816,52953934.40494988,4007648061529.6177,354172.79694580554,325.5718938907885,1132.395265238931,143201194190.36337,625427366.5610759,2429482.574689144,1008602.1541498353,1598857710.3457518,484.0245673190734,13821525.366440235,24616881.182424005,59589323.597557485,2657882266.3875957
NZE,2040,Titanium,Rest of the economy,10136802724.845045,10862293738.85368,123470288106.60593,57960156.20670789,4465555394528.981,407451.6556086261,363.0720733939933,1289.6445561863527,140665053814.83353,845399587.6321859,2599577.4512229683,1123955.268333313,1787950452.1148632,568.8313911408937,15220535.02280189,27042611.096877053,65226309.02627428,2874157742.3799505
NZE,2045,Titanium,Rest of the economy,11069487067.982622,11865193504.080526,132454543659.6913,64362898.571883336,4997217522888.463,460258.19594036986,405.43969826217955,1453.3383474664586,138758322917.98834,1014696260.9077588,2806688.4182084585,1257990.8783938102,2001532447.717708,642.5200566031913,17049101.43350148,30055686.327422764,72468208.06889468,3165266036.1627083
NZE,2050,Titanium,Rest of the economy,12161250890.555159,13038351881.603252,144059900313.3513,71442395.0686735,5567439382703.724,512963.58637470147,450.103588982775,1616.554399049176,141047837003.88995,1147691731.4715235,3056281.6666828454,1397935.5149355563,2225094966.487817,712.8793317349414,18970853.298208825,33312372.598949358,80395285.00199996,3496611071.5562334
NZE,2022,Tungsten,Rest of the economy,1748213723.5934153,1894551440.564325,22687170775.25289,16762611.882975008,7171375828279.402,3464450.5399608943,50.87026951123896,2430.576684546211,11941471815.683786,173275933.68118703,1313013.600632618,6214403.130405242,145210302.06611526,28.040906479512778,4349852.127707572,11414277.683746269,58769805.570579454,735240056.0312216
NZE,2030,Tungsten,Rest of the economy,1325836130.5191703,1432438457.0557797,19414195854.215736,19258096.883675262,8557220778355.8955,4206830.219157131,61.05768720308408,2935.9072566043415,16136276806.03175,226331334.90797102,1623475.9153509617,7507252.27785997,174835255.0002067,30.81601712473789,4484847.544921486,12763753.741018746,68627940.9514951,842959279.9414372
NZE,2035,Tungsten,Rest of the economy,1248004873.4786417,1349995500.6875534,18628677933.140785,21295090.8715173,9619695396158.746,4747792.73092248,68.32132222529965,3307.2257726762055,17030338253.604284,300455897.29921347,1821334.8229715477,8459932.672998013,196906962.24067536,33.075907598029964,4851604.37760615,14105148.987587443,76610510.06968738,929052130.8008609
NZE,2040,Tungsten,Rest of the economy,1237514617.1189945,1340868769.998937,18413083331.87542,23534959.372247912,10737598246047.434,5308429.64752284,76.02248679891892,3695.0085964648056,17708631898.99115,429691925.0139599,2003628.180559172,9449101.102704218,220234818.23530275,40.96689006006484,5387134.756745278,15650623.287155662,85247038.89837788,1025308931.3119516
NZE,2045,Tungsten,Rest of the economy,1269424696.5960703,1377248394.8395584,18990377868.06008,26165633.0918393,12007176921436.227,5933670.2280109525,84.87326177438162,4120.77335698215,20273918162.06453,526144713.1282313,2227387.85346743,10558401.929649077,247120337.99411047,46.694234770691246,6014882.7768512955,17445412.000842404,95054054.7174048,1146670658.4492638
NZE,2050,Tungsten,Rest of the economy,1328039311.4046276,1442207815.480284,20165690527.723152,28999025.379895482,13367090557205.797,6594468.365227241,94.43064489713035,4570.872388581043,24385793386.20652,597411257.7966689,2481603.829857747,11715364.121427935,275315361.1508927,51.854357797813506,6640141.034692873,18955736.31781159,105222382.2926505,1285782809.3890975
NZE,2022,Vanadium,Rest of the economy,436039517.4471239,461499602.3986158,7046453055.287042,1067477.1477552447,129591376584.41632,9703.724069012975,27.995352483063115,2211.879752966436,1671263452.5435615,6391612.203923983,-16834517.915687125,82958.9912907904,256613135.37442222,11.980046555912212,929660.2493558786,974475.9873516172,7405388.138137465,456387554.930871
NZE,2030,Vanadium,Rest of the economy,314038152.07494086,339354674.42811704,5972414083.803948,1197346.9875283362,112105584803.81442,10777.265857843702,33.83586991248892,2671.8300728543913,1351070217.3159177,8483095.097487386,-20438116.921936315,94771.293603364,311673672.96373755,12.617485075512818,997095.9878742006,854974.4488445164,8035109.859330365,516231187.4632693
NZE,2035,Vanadium,Rest of the economy,278101448.04204184,303307587.20506245,5643400106.064156,1335222.0716549216,116971364661.3701,12321.466875536935,38.181135552842335,3011.678442093817,1149439526.383277,11919188.012947636,-23048171.662261013,105600.84593517536,351723346.2562389,12.401465003060434,1094351.5545381075,868152.1147018503,8853058.665096324,542649875.6156269
NZE,2040,Vanadium,Rest of the economy,287897672.83187854,314244162.70390654,5902249546.289209,1489679.0760156063,131304851384.68103,14261.471540209455,42.65062797869779,3364.9238338854734,1033397546.2810863,16857967.089044318,-25740863.996844947,118114.17005821351,392898137.234703,14.179625560245038,1223088.989640963,949561.5143397086,9886421.515471352,568952839.1549397
NZE,2045,Vanadium,Rest of the economy,312679411.92247075,341477452.7975742,6459674253.531671,1655985.9513492626,147398541276.72296,16193.116031471503,47.64467016034,3759.980333934663,985671489.4462792,21260826.22987869,-28760170.886320796,132317.03136913243,439070586.65761775,16.151588924665063,1368088.6379442303,1056395.8377251702,11039158.985193895,605043148.502789
NZE,2050,Vanadium,Rest of the economy,340979502.38202214,372541308.1308764,7092542001.39031,1828789.2484886944,164770693545.2074,18095.4844480881,52.93634207901884,4178.159445130839,1014543152.4547446,24111197.77369784,-31957896.9420842,147212.25141675043,487893219.0151671,17.96824917742449,1520516.730932525,1170214.0026155293,12255115.951522224,647672394.7217025
NZE,2022,Yttrium,Rest of the economy,40030613.20742131,43490987.77567558,507907764.02978754,193200.21904910577,30684649710.614937,8099.947308817603,1.5544802031333453,10.840643266807964,5020239419.977273,17109004.413109817,118308.50092102638,2240737.262776995,1778373905.507442,1.5081059480616632,34041.45503093062,97458.25237352538,325805.44812241546,21755955.16586174
NZE,2030,Yttrium,Rest of the economy,37864076.70353761,41171119.81388826,498644679.59193444,213808.76012099365,35303181529.996155,9833.536078802734,1.8761824071904487,12.904155135888855,6080763763.43499,20863177.655964725,144033.0454991951,2720448.5966860317,2159526623.429149,1.7760089900192155,31681.36838805186,101895.04559429098,348836.09753192286,25595376.94385222
NZE,2035,Yttrium,Rest of the economy,39640143.503061876,43155345.81274903,519258767.4608746,235681.37995199056,39512459265.36412,11121.733251139964,2.109642842050566,14.585733352258599,6825544104.575891,23836122.162641875,162397.07788178237,3068121.480978131,2435592065.946443,1.9640469431300391,33680.561156150674,110825.91980685007,382734.15524107055,28541339.99989283
NZE,2040,Yttrium,Rest of the economy,42806043.84793839,46624688.7050266,554713022.9354993,261769.61884424198,44192502163.529976,12466.410892115535,2.353266077833766,16.4181181774102,7595302189.101732,27089184.74825396,181082.65887183178,3426267.856014493,2719902799.588736,2.2977624492532542,37589.40609492316,122492.3698010503,425737.4406309484,31726072.156555314
NZE,2045,Yttrium,Rest of the economy,46549961.38596958,50723485.26353282,596448173.9148859,291480.4326806983,49375705633.80297,13952.343377910784,2.627180691708591,18.38679425482752,8465556233.343338,30582519.231085595,202078.80624538005,3827669.9788961373,3038543551.7849092,2.6154656802490233,42220.87109089749,136267.4930738922,474625.0665515157,35398274.652574226
NZE,2050,Yttrium,Rest of the economy,51021858.631255366,55617571.63599181,650215886.8696761,323000.32266458485,54921642023.35092,15512.138221420111,2.917209732904927,20.423174033555863,9396123400.801172,34078121.903122716,224442.04097530153,4252979.13552279,3376153750.914382,2.9428816967596654,47015.19880770942,151209.35555827394,526350.2545339053,39365739.43943619
NZE,2022,Zinc,Rest of the economy,25107521470.80404,26605897110.886955,420264398838.85034,278133204.95875525,22672883474523.793,358745.88796040067,13594.923072786309,36798.539687055345,750232817414.7758,1555250357.8383498,9609642.574220624,7269956.869741654,5531549242.426933,546.9997835254123,20376203.78830924,162513813.6724991,234776871.22550356,34576779993.86843
NZE,2030,Zinc,Rest of the economy,16179051266.748945,17375079174.965782,292149066606.214,274343212.50802034,26071247049312.906,465066.68255221244,16503.549516236577,44353.29990032273,644191261901.6307,2023859903.0653563,12377813.559233382,7992299.538682625,6704741483.748931,420.4717758783329,16413296.64924179,173068126.95227787,233639990.9864292,39816891850.50165
NZE,2035,Zinc,Rest of the economy,13984931907.738607,15121181111.636803,244669317192.46408,295894040.97610927,29058183863986.906,574197.2847190303,18610.51873668405,50013.81069918373,516289826098.7606,2732711318.056541,14236552.747147307,8834854.283745782,7565899317.146642,390.53588720820136,16710274.16465135,189074954.45191923,253750541.70775443,43581242752.55879
NZE,2040,Zinc,Rest of the economy,14207435311.815092,15370613240.721169,233765932264.51678,329597552.0846218,32416665591025.67,704973.0671006809,20782.098319766865,55944.83635436337,412545274413.6653,3749168755.4474964,15835607.675482856,9874835.648199737,8461330720.217968,529.0383302984467,18736113.56357278,209739777.31434712,282352050.919142,47885425984.85955
NZE,2045,Zinc,Rest of the economy,14606253647.226133,15813773303.512548,227309657196.0124,367204549.5111548,36220677967408.305,830919.5759723242,23216.99314343606,62457.56275646621,332440312275.11273,4729493013.815444,17593794.939461548,11055814.953783786,9471295104.126007,610.2596572508219,21040585.056474965,233664641.03881407,313825851.89778066,53048231502.82505
NZE,2050,Zinc,Rest of the economy,15286457034.320719,16561920966.14336,229068496301.36942,407240349.8047423,40365288583763.47,940861.0310263017,25797.763135233967,69325.20036689943,286385223262.4836,5412018299.977272,19554081.47698759,12302079.620132042,10534699976.92479,678.3307675028493,23387993.20574367,259247533.557979,347333538.0011085,58746532948.68765
NZE,2022,Zirconium,Rest of the economy,3907861232.4660187,4179556253.8151493,52573828689.18736,16626042.984306801,1120588390811.2693,254504.7453013943,48.1492795919937,486.34164252489757,40104144229.82992,882863765.5561235,10404783.841559177,552597.2984160557,1508706794.6719573,332.2809604563479,5068622.307033568,11428972.979437407,19035159.395378765,6785834163.531187
NZE,2030,Zirconium,Rest of the economy,2559762950.9548407,2724196409.9264126,39782420912.68352,16929928.932366263,930086211235.187,306130.45482082345,56.39397139214719,519.5486553472213,44504198941.64348,1094000084.222795,12711347.316376101,564719.2899310427,1828961100.0671282,392.937832714987,4462228.387648839,10622814.996527186,15647709.025436621,8045203476.00504
NZE,2035,Zirconium,Rest of the economy,2253782260.2043233,2396290028.7080603,35893212530.32236,18206548.44874288,977635551962.4963,350768.8102760626,62.87122958827973,588.4234294193935,43595102361.41564,1304473547.9420333,14330814.964792594,618371.7437147052,2063443540.8383834,437.84058089831296,4643703.537526059,11143152.846987667,15994457.039418638,8961788352.947775
NZE,2040,Zirconium,Rest of the economy,2257256165.958509,2397822934.9918027,35559219742.435646,20105672.45113428,1103392414272.897,401154.562948914,70.05769730710183,681.1022143701223,43232730788.836075,1569487593.282936,15945316.594703272,693923.0669149427,2306623890.4254503,509.97240186443616,5189951.9378026,12218287.058880884,17581439.033260096,9927994297.621923
NZE,2045,Zirconium,Rest of the economy,2333940665.504514,2477615928.726045,36324294294.90608,22424557.32897384,1262764050206.7664,454824.8669462249,78.40600815981493,775.4517806028615,44549582679.15753,1843183524.2762856,17768998.187896553,781601.7504337807,2580368022.346665,574.4378980436217,5847398.729692075,13585734.26146201,19574397.63613619,11042498119.820019
NZE,2050,Zirconium,Rest of the economy,2464182830.2050796,2614539504.958406,38158886300.82678,24980907.73833566,1451211579693.4836,508702.2889146281,87.33900062016689,870.9247943901122,48254436092.84192,2085859082.3571794,19735694.622484826,874020.747735934,2868987475.09716,636.8834829496186,6531104.586460196,15088481.990465244,21795797.265592493,12252114496.657448
