Metal,Year,Energy transition (kt),Rest of the economy (kt)
Aluminium,2023,11045.666666666666,100065.44444444444
Aluminium,2030,17872.0,121513.49172562506
Aluminium,2035,22818.0,137047.29954651624
Aluminium,2040,26403.0,153044.40852322735
Aluminium,2045,25148.0,170972.8660702059
Aluminium,2050,20759.0,189969.26306147836
Arsenic,2023,0.0,61.5
Arsenic,2030,0.551123,74.6819222421476
Arsenic,2035,3.22612,84.22896604221987
Arsenic,2040,15.2916,94.06075370408293
Arsenic,2045,12.4686,105.07954390944035
Arsenic,2050,15.8108,116.75468732632564
Boron,2023,0.206005,3055.681995
Boron,2030,0.705002,3710.6374820702517
Boron,2035,0.706441,4184.9908128890675
Boron,2040,0.625155,4673.491894791801
Boron,2045,0.611907,5220.97024986811
Boron,2050,0.86571,5801.060095852162
Cadmium,2023,0.6900000000000001,23.41
Cadmium,2030,1.52,28.427704059978467
Cadmium,2035,1.45,32.06179016338808
Cadmium,2040,1.06,35.804264133537906
Cadmium,2045,0.67,39.998571104390216
Cadmium,2050,0.54,44.44271919202087
Chromium,2023,212.03,15487.97
Chromium,2030,823.7429999999999,18807.664572824633
Chromium,2035,752.042,21211.962588502764
Chromium,2040,627.196,23687.96961863781
Chromium,2045,506.175999999999,26462.907702164142
Chromium,2050,460.190999999999,29403.139750723767
Cobalt,2023,64.39033853,135.60966147
Cobalt,2030,243.1583763,164.67626330384553
Cobalt,2035,253.0414273,185.72783042200913
Cobalt,2040,278.9599879,207.40726776298754
Cobalt,2045,313.2059655,231.7040874305887
Cobalt,2050,322.66432899999995,257.44818899770274
Copper,2023,6371.698722889999,20628.30127711
Copper,2030,15046.297134999999,25049.775479101194
Copper,2035,18584.386227,28252.040451680958
Copper,2040,19478.111466,31549.81407739615
Copper,2045,19325.747932,35245.731541873894
Copper,2050,19239.28052,39161.80269401987
Dysprosium,2023,1.33,0.046958942120280955
Dysprosium,2030,4.89,0.05702413112195663
Dysprosium,2035,5.93,0.06431387221508476
Dysprosium,2040,5.71,0.07182103234113875
Dysprosium,2045,5.71,0.0802345401702265
Dysprosium,2050,6.369999999999999,0.08914921308013701
Gallium,2023,0.0155539,0.6174461
Gallium,2030,0.250526,0.7497896199823951
Gallium,2035,1.31615,0.8456397819479853
Gallium,2040,6.12414,0.9443487079292123
Gallium,2045,4.98881,1.0549748711652471
Gallium,2050,6.3222,1.1721906722985236
Graphite,2023,772.1826,757.8174
Graphite,2030,5024.362,920.2481323666094
Graphite,2035,6782.6359999999995,1037.8890414764774
Graphite,2040,6707.191000000001,1159.038631123065
Graphite,2045,5642.2,1294.814744042893
Graphite,2050,4708.96,1438.6785949178707
Indium,2023,0.1,0.92
Indium,2030,0.16999999999999998,1.117192983134566
Indium,2035,0.19,1.2600105489242648
Indium,2040,0.21000000000000002,1.4070876976870943
Indium,2045,0.16,1.5719216324664247
Indium,2050,0.18,1.7465741843938145
Iridium,2023,0.000198936,0.0017557025213793106
Iridium,2030,0.0077249,0.002132020149300686
Iridium,2035,0.00681658,0.00240456923664224
Iridium,2040,0.00447584,0.0026852471941641747
Iridium,2045,0.00269011,0.002999811710360852
Iridium,2050,0.00198719,0.0033331138036046012
Lanthanum,2023,0.00302492,59.728288501033056
Lanthanum,2030,0.0805917,72.53046174781643
Lanthanum,2035,0.0634357,81.80247128314511
Lanthanum,2040,0.0543327,91.35102168881428
Lanthanum,2045,0.0468046,102.05237909235811
Lanthanum,2050,0.0606993,113.39118127601115
Lead,2023,12.51,11444292.422735427
Lead,2030,31.57,13897264.3387175
Lead,2035,26.259999999999998,15673836.06263116
Lead,2040,21.72,17503394.64865723
Lead,2045,18.98,19553837.856053703
Lead,2050,18.46,21726419.24369939
Lithium,2023,92.07226,56.86779441728544
Lithium,2030,615.5916,69.05684879275036
Lithium,2035,986.2188,77.8848052824305
Lithium,2040,1307.897,86.97605860778387
Lithium,2045,1522.263,97.16490895128734
Lithium,2050,1573.1519999999998,107.96067570939721
Magnesium,2023,8.05525,891.94475
Magnesium,2030,30.9498,1083.1243652649073
Magnesium,2035,54.5781,1221.5867326713217
Magnesium,2040,54.1798,1364.1787877625986
Magnesium,2045,42.314,1523.9861385759316
Magnesium,2050,33.6324,1693.3126894082552
Manganese,2023,181.7219099999999,13538.27809
Manganese,2030,861.26669,16440.075310730906
Manganese,2035,1522.49728,18541.710008337224
Manganese,2040,2119.4759999999987,20706.026682941014
Manganese,2045,2555.03,23131.643691323075
Manganese,2050,3051.414,25701.746753411302
Molybdenum,2023,28.8693999999999,119.93060000000011
Molybdenum,2030,104.369,145.63654867730273
Molybdenum,2035,92.0452,164.25415341175713
Molybdenum,2040,76.6961,183.42703460459998
Molybdenum,2045,63.1356,204.91467884204127
Molybdenum,2050,62.8437,227.6822716074576
Neodymium,2023,12.59892,25.217964161594246
Neodymium,2030,47.7498,30.62318761986092
Neodymium,2035,57.865,34.537935723916085
Neodymium,2040,55.4214,38.56944253531881
Neodymium,2045,55.4237,43.087677600405456
Neodymium,2050,60.8526,47.87504911696621
Nickel,2023,477.699146,3074.304406003552
Nickel,2030,2793.7437999999997,3733.251424355269
Nickel,2035,3425.5962000000004,4210.495632792196
Nickel,2040,3583.6027999999988,4701.973813731334
Nickel,2045,3451.5927,5252.788696286766
Nickel,2050,3094.3307999999997,5836.413815754308
Niobium,2023,0.362905,77.737095
Niobium,2030,1.97496,94.39927941659255
Niobium,2035,2.94491,106.46691276383446
Niobium,2040,2.86772,118.8944674222097
Niobium,2045,2.19895,132.8224144299973
Niobium,2050,1.70113,147.58000358344506
PGMs,2023,0.000977366,0.11627177998240003
PGMs,2030,0.0320545,0.14119349644880805
PGMs,2035,0.0608591,0.15924311882611433
PGMs,2040,0.0912455,0.17783107739284307
PGMs,2045,0.0986395,0.19866318065186
PGMs,2050,0.087478,0.22073618401171455
Praseodymium,2023,2.0,9.524960911816681
Praseodymium,2030,7.9,11.566542929687623
Praseodymium,2035,9.47,13.045164377152501
Praseodymium,2040,9.11,14.567886217356195
Praseodymium,2045,9.26,16.274447940958435
Praseodymium,2050,10.690000000000001,18.082663952107808
Selenium,2023,0.132335,3.397665
Selenium,2030,0.258088,4.125921192436853
Selenium,2035,0.233784,4.653362762729089
Selenium,2040,0.167636,5.196535459089153
Selenium,2045,0.0914452,5.805285992797864
Selenium,2050,0.07319,6.450297800237402
Silicon,2023,1126.1013540000001,3153.8986459999996
Silicon,2030,2029.79123,3829.9059095965304
Silicon,2035,2255.96487,4319.506048041255
Silicon,2040,2105.1557000000003,4823.708678846287
Silicon,2045,2050.8009,5388.784248102137
Silicon,2050,2479.9736000000003,5987.519516628484
Silver,2023,6.47164,14.993561166180758
Silver,2030,11.6706,18.207284051147894
Silver,2035,9.89038,20.534831777531473
Silver,2040,6.27125,22.931799414621636
Silver,2045,3.29975,25.6181555922044
Silver,2050,1.70387,28.464529201066224
Tantalum,2023,0.0586607,1.2626204387900357
Tantalum,2030,0.43761,1.5332507549766463
Tantalum,2035,0.335397,1.7292555132204661
Tantalum,2040,0.266371,1.9311061807279783
Tantalum,2045,0.200396,2.157326501443811
Tantalum,2050,0.146576,2.397022025085507
Tellurium,2023,0.696188,0.24781199999999992
Tellurium,2030,1.55057,0.30092807340928585
Tellurium,2035,1.47559,0.3393975371195867
Tellurium,2040,1.07253,0.37901436580351533
Tellurium,2045,0.673667,0.42341417780953206
Tellurium,2050,0.535772,0.47045874106847807
Tin,2023,2.15,266.9676470588235
Tin,2030,4.92,324.18954567180754
Tin,2035,5.140000000000001,365.6326646908778
Tin,2040,4.34,408.31183897493554
Tin,2045,3.54,456.1437169352458
Tin,2050,4.46,506.82478306663086
Titanium,2023,5.20869,314.79131
Titanium,2030,22.6927,382.2637420475412
Titanium,2035,19.1775,431.13083838009607
Titanium,2040,15.0706,481.4554126519613
Titanium,2045,11.4437,537.8557281537438
Titanium,2050,9.47568,597.6156255625114
Tungsten,2023,0.0823336,70.33195211428571
Tungsten,2030,0.169077,85.40691673069162
Tungsten,2035,0.174207,96.32500172873505
Tungsten,2040,0.13034,107.56872236340135
Tungsten,2045,0.110329,120.16990976308522
Tungsten,2050,0.0951723,133.52170858786238
Vanadium,2023,0.0140472,34.17206597024957
Vanadium,2030,35.2687,41.49651339258076
Vanadium,2035,272.391,46.801264783750376
Vanadium,2040,556.407,52.264232207923875
Vanadium,2045,636.594,58.38674970076637
Vanadium,2050,773.134,64.87396549026116
Yttrium,2023,0.01,7.899375497068767
Yttrium,2030,0.03,9.592529213554728
Yttrium,2035,0.03,10.818800495891852
Yttrium,2040,0.01,12.081645740582974
Yttrium,2045,0.01,13.49695568132349
Yttrium,2050,0.01,14.9965709956667
Zinc,2023,730.966,12772.633999999998
Zinc,2030,1770.51,15510.32291407172
Zinc,2035,1913.76,17493.101714726876
Zinc,2040,1670.23,19535.017574412934
Zinc,2045,1432.58,21823.45618280017
Zinc,2050,1800.74,24248.20957729424
Zirconium,2023,0.63,1230.57
Zirconium,2030,11.139999999999999,1494.330618756416
Zirconium,2035,11.99,1685.359979554057
Zirconium,2040,10.100000000000001,1882.0868566769645
Zirconium,2045,8.64,2102.5647861567477
Zirconium,2050,10.85,2336.1758631407565
